"unit_no","order_no","order_start","order_end","item","item_type"
"1","38253681","11:28:53","11:35:03","Bottled Coke","Beverage"
"2","38253712","11:30:09","11:39:08","Bottled Coke","Beverage"
"3","38253944","11:41:03","11:47:13","Bottled Coke","Beverage"
"4","38254090","11:44:30","11:49:25","Bottled Coke","Beverage"
"5","38255354","12:15:36","12:17:21","Bottled Coke","Beverage"
"6","38259364","13:23:32","13:27:24","Bottled Coke","Beverage"
"7","38259839","13:30:37","13:38:26","Bottled Coke","Beverage"
"8","38260775","13:41:55","13:44:54","Bottled Coke","Beverage"
"9","38271132","15:34:00","15:39:41","Bottled Coke","Beverage"
"10","38291776","19:09:37","19:11:40","Bottled Coke","Beverage"
"11","38296650","19:54:36","19:59:39","Bottled Coke","Beverage"
"12","38297587","20:03:26","20:07:25","Bottled Coke","Beverage"
"13","38300990","20:34:59","20:36:13","Bottled Coke","Beverage"
"14","38303606","20:59:27","21:01:25","Bottled Coke","Beverage"
"15","38304530","21:07:59","21:12:23","Bottled Coke","Beverage"
"16","38306527","21:26:23","21:27:48","Bottled Coke","Beverage"
"17","38307509","21:35:35","21:40:38","Bottled Coke","Beverage"
"18","38253412","11:17:49","11:18:54","Bottled Coke Zero","Beverage"
"19","38257274","12:52:20","12:57:26","Bottled Coke Zero","Beverage"
"20","38257274","12:52:20","12:57:26","Bottled Coke Zero","Beverage"
"21","38260775","13:41:55","13:44:54","Bottled Coke Zero","Beverage"
"22","38264688","14:27:17","14:30:10","Bottled Coke Zero","Beverage"
"23","38253712","11:30:09","11:39:08","Bottled Diet Coke","Beverage"
"24","38260775","13:41:55","13:44:54","Bottled Diet Coke","Beverage"
"25","38298321","20:10:17","20:14:59","Bottled Diet Coke","Beverage"
"26","38252938","10:34:48","10:36:17","Bottled Sprite","Beverage"
"27","38253781","11:34:01","11:39:08","Bottled Sprite","Beverage"
"28","38257274","12:52:20","12:57:26","Bottled Sprite","Beverage"
"29","38261096","13:49:25","13:56:48","Bottled Sprite","Beverage"
"30","38261314","13:51:44","13:58:39","Bottled Sprite","Beverage"
"31","38262930","14:09:30","14:11:47","Bottled Sprite","Beverage"
"32","38281903","17:28:51","17:38:39","Bottled Sprite","Beverage"
"33","38297445","20:02:03","20:05:45","Bottled Sprite","Beverage"
"34","38303590","21:00:02","21:07:48","Bottled Sprite","Beverage"
"35","38311616","22:18:15","22:42:49","Bottled Sprite","Beverage"
"36","38313303","22:36:22","22:47:03","Bottled Sprite","Beverage"
"37","38253250","11:10:29","11:12:47","Bottled Water","Beverage"
"38","38253422","11:21:05","11:24:29","Bottled Water","Beverage"
"39","38254750","12:05:53","12:10:08","Bottled Water","Beverage"
"40","38257599","12:59:08","13:05:37","Bottled Water","Beverage"
"41","38257599","12:59:08","13:05:37","Bottled Water","Beverage"
"42","38258868","13:18:31","13:22:13","Bottled Water","Beverage"
"43","38259286","13:24:40","13:28:42","Bottled Water","Beverage"
"44","38260549","13:42:11","13:46:17","Bottled Water","Beverage"
"45","38273399","15:58:43","16:10:55","Bottled Water","Beverage"
"46","38273536","15:57:43","16:05:45","Bottled Water","Beverage"
"47","38296471","19:54:26","19:56:23","Bottled Water","Beverage"
"48","38297445","20:02:03","20:05:45","Bottled Water","Beverage"
"49","38302352","20:46:51","20:48:56","Bottled Water","Beverage"
"50","38280863","17:17:38","17:22:40","Box of Fries","Food"
"51","38281574","17:25:21","17:34:56","Box of Fries","Food"
"52","38297228","20:02:14","20:12:52","Box of Fries","Food"
"53","38298805","20:17:22","20:26:34","Box of Fries","Food"
"54","38313539","22:40:51","22:55:30","Box of Fries","Food"
"55","38256500","12:38:03","12:41:35","Cheese Fries","Food"
"56","38263176","14:13:39","14:16:16","Cheese Fries","Food"
"57","38274785","16:11:42","16:20:59","Chocolate Shake SM","Shake"
"58","38274785","16:11:42","16:20:59","Chocolate Shake SM","Shake"
"59","38276954","16:34:09","16:38:21","Chocolate Shake SM","Shake"
"60","38283496","17:46:53","17:49:42","Chocolate Shake SM","Shake"
"61","38287704","18:29:35","18:35:33","Chocolate Shake SM","Shake"
"62","38289451","18:47:46","18:50:30","Chocolate Shake SM","Shake"
"63","38296629","19:56:30","20:00:08","Chocolate Shake SM","Shake"
"64","38310585","22:07:03","22:12:20","Chocolate Shake SM","Shake"
"65","38252938","10:34:48","10:36:17","Chocolate Shake LG","Shake"
"66","38255647","12:21:20","12:23:31","Chocolate Shake LG","Shake"
"67","38280941","17:18:23","17:26:10","Chocolate Shake LG","Shake"
"68","38283563","17:48:49","17:50:59","Chocolate Shake LG","Shake"
"69","38283744","17:51:28","17:58:40","Chocolate Shake LG","Shake"
"70","38290056","18:54:48","19:01:38","Chocolate Shake LG","Shake"
"71","38290342","18:57:30","19:02:29","Chocolate Shake LG","Shake"
"72","38296200","19:51:57","19:52:16","Chocolate Shake LG","Shake"
"73","38296650","19:54:36","19:59:39","Chocolate Shake LG","Shake"
"74","38302849","20:52:55","20:55:12","Chocolate Shake LG","Shake"
"75","38310856","22:11:03","22:17:24","Chocolate Shake LG","Shake"
"76","38254319","11:51:08","11:53:22","Dave’s Dash #2 w/Drink","Meal"
"77","38269707","15:19:33","15:24:47","Dave’s Dash #2 w/Drink","Meal"
"78","38273556","15:57:53","16:08:11","Dave’s Dash #2 w/Drink","Meal"
"79","38276593","16:30:13","16:37:34","Dave’s Dash #2 w/Drink","Meal"
"80","38277613","16:41:33","16:48:40","Dave’s Dash #2 w/Drink","Meal"
"81","38280403","17:12:51","17:16:08","Dave’s Dash #2 w/Drink","Meal"
"82","38283745","17:48:55","17:51:17","Dave’s Dash #2 w/Drink","Meal"
"83","38297077","19:58:27","20:01:06","Dave’s Dash #2 w/Drink","Meal"
"84","38297420","20:01:51","20:04:33","Dave’s Dash #2 w/Drink","Meal"
"85","38301675","20:40:57","20:43:24","Dave’s Dash #2 w/Drink","Meal"
"86","38306832","21:29:17","21:32:47","Dave’s Dash #2 w/Drink","Meal"
"87","38310698","22:08:10","22:11:50","Dave’s Dash #2 w/Drink","Meal"
"88","38312541","22:27:40","22:52:27","Dave’s Dash #2 w/Drink","Meal"
"89","38252830","10:32:52","10:34:01","Daves #1","Meal"
"90","38252920","10:32:52","10:34:01","Daves #1","Meal"
"91","38252998","10:45:09","10:48:38","Daves #1","Meal"
"92","38252998","10:45:09","10:48:38","Daves #1","Meal"
"93","38253024","10:51:39","10:58:03","Daves #1","Meal"
"94","38253024","10:51:39","10:58:03","Daves #1","Meal"
"95","38253024","10:51:39","10:58:03","Daves #1","Meal"
"96","38253024","10:51:39","10:58:03","Daves #1","Meal"
"97","38253024","10:51:39","10:58:03","Daves #1","Meal"
"98","38253185","11:06:21","11:11:06","Daves #1","Meal"
"99","38253272","11:18:40","11:26:59","Daves #1","Meal"
"100","38253412","11:17:49","11:18:54","Daves #1","Meal"
"101","38253422","11:21:05","11:24:29","Daves #1","Meal"
"102","38253437","11:22:43","11:25:14","Daves #1","Meal"
"103","38253606","11:28:39","11:30:42","Daves #1","Meal"
"104","38253739","11:32:33","11:39:58","Daves #1","Meal"
"105","38253924","11:39:34","11:45:24","Daves #1","Meal"
"106","38254640","12:04:30","12:05:25","Daves #1","Meal"
"107","38254745","12:06:48","12:13:09","Daves #1","Meal"
"108","38255405","12:17:56","12:21:54","Daves #1","Meal"
"109","38255844","12:25:30","12:27:00","Daves #1","Meal"
"110","38255891","12:28:08","12:30:21","Daves #1","Meal"
"111","38255891","12:28:08","12:30:21","Daves #1","Meal"
"112","38255969","12:32:27","12:35:39","Daves #1","Meal"
"113","38256099","12:30:34","12:32:22","Daves #1","Meal"
"114","38256105","12:30:36","12:32:24","Daves #1","Meal"
"115","38256259","12:35:31","12:39:14","Daves #1","Meal"
"116","38256395","12:39:08","12:43:24","Daves #1","Meal"
"117","38256552","12:48:42","12:52:05","Daves #1","Meal"
"118","38256671","12:41:27","12:45:23","Daves #1","Meal"
"119","38256962","12:50:20","12:53:06","Daves #1","Meal"
"120","38256962","12:50:20","12:53:06","Daves #1","Meal"
"121","38257414","12:56:01","13:01:45","Daves #1","Meal"
"122","38257495","12:57:48","13:02:18","Daves #1","Meal"
"123","38257495","12:57:48","13:02:18","Daves #1","Meal"
"124","38257579","12:57:32","13:01:32","Daves #1","Meal"
"125","38257718","13:01:19","13:07:12","Daves #1","Meal"
"126","38257992","13:05:30","13:07:29","Daves #1","Meal"
"127","38258248","13:09:19","13:13:18","Daves #1","Meal"
"128","38259029","13:19:26","13:20:24","Daves #1","Meal"
"129","38259105","13:21:05","13:23:35","Daves #1","Meal"
"130","38259207","13:22:18","13:23:41","Daves #1","Meal"
"131","38259286","13:24:40","13:28:42","Daves #1","Meal"
"132","38259286","13:24:40","13:28:42","Daves #1","Meal"
"133","38259286","13:24:40","13:28:42","Daves #1","Meal"
"134","38259839","13:30:37","13:38:26","Daves #1","Meal"
"135","38261496","13:53:51","13:59:47","Daves #1","Meal"
"136","38261508","13:51:59","13:58:03","Daves #1","Meal"
"137","38263097","14:11:35","14:12:57","Daves #1","Meal"
"138","38263225","14:12:09","14:13:30","Daves #1","Meal"
"139","38264196","14:23:17","14:27:16","Daves #1","Meal"
"140","38264902","14:30:23","14:32:33","Daves #1","Meal"
"141","38266182","14:46:38","14:50:41","Daves #1","Meal"
"142","38267012","14:53:05","14:53:54","Daves #1","Meal"
"143","38267298","14:56:17","15:03:24","Daves #1","Meal"
"144","38267392","14:58:05","14:59:23","Daves #1","Meal"
"145","38267551","15:01:40","15:04:51","Daves #1","Meal"
"146","38268846","15:15:11","15:17:15","Daves #1","Meal"
"147","38269233","15:14:48","15:26:36","Daves #1","Meal"
"148","38269498","15:19:38","15:28:15","Daves #1","Meal"
"149","38269498","15:19:38","15:28:15","Daves #1","Meal"
"150","38269821","15:23:51","15:31:45","Daves #1","Meal"
"151","38270467","15:27:47","15:33:10","Daves #1","Meal"
"152","38270522","15:27:34","15:35:22","Daves #1","Meal"
"153","38272661","15:50:35","15:54:51","Daves #1","Meal"
"154","38272833","15:52:02","15:55:23","Daves #1","Meal"
"155","38272833","15:52:02","15:55:23","Daves #1","Meal"
"156","38273007","15:54:45","16:01:46","Daves #1","Meal"
"157","38273007","15:54:45","16:01:46","Daves #1","Meal"
"158","38273052","15:53:09","15:58:08","Daves #1","Meal"
"159","38273078","15:54:25","15:58:32","Daves #1","Meal"
"160","38273120","15:53:48","16:08:48","Daves #1","Meal"
"161","38273223","15:56:32","16:02:26","Daves #1","Meal"
"162","38273399","15:58:43","16:10:55","Daves #1","Meal"
"163","38274812","16:11:08","16:19:27","Daves #1","Meal"
"164","38274903","16:13:09","16:21:25","Daves #1","Meal"
"165","38275278","16:17:37","16:28:15","Daves #1","Meal"
"166","38275579","16:19:01","16:30:34","Daves #1","Meal"
"167","38275635","16:19:41","16:28:23","Daves #1","Meal"
"168","38275737","16:21:27","16:31:06","Daves #1","Meal"
"169","38276045","16:25:03","16:35:40","Daves #1","Meal"
"170","38276045","16:25:03","16:35:40","Daves #1","Meal"
"171","38276141","16:27:02","16:36:38","Daves #1","Meal"
"172","38276872","16:33:17","16:37:11","Daves #1","Meal"
"173","38277640","16:41:49","16:47:15","Daves #1","Meal"
"174","38278241","16:50:22","16:56:24","Daves #1","Meal"
"175","38278537","16:53:53","17:03:55","Daves #1","Meal"
"176","38278537","16:53:53","17:03:55","Daves #1","Meal"
"177","38279574","17:03:18","17:04:41","Daves #1","Meal"
"178","38280057","17:11:44","17:15:02","Daves #1","Meal"
"179","38280070","17:08:50","17:13:17","Daves #1","Meal"
"180","38280324","17:14:52","17:18:35","Daves #1","Meal"
"181","38280701","17:16:42","17:20:23","Daves #1","Meal"
"182","38280941","17:18:23","17:26:10","Daves #1","Meal"
"183","38281814","17:28:39","17:41:21","Daves #1","Meal"
"184","38281889","17:29:22","17:38:31","Daves #1","Meal"
"185","38281903","17:28:51","17:38:39","Daves #1","Meal"
"186","38281945","17:30:11","17:38:58","Daves #1","Meal"
"187","38282021","17:31:08","17:41:53","Daves #1","Meal"
"188","38282152","17:32:55","17:40:23","Daves #1","Meal"
"189","38282152","17:32:55","17:40:23","Daves #1","Meal"
"190","38282270","17:35:29","17:42:50","Daves #1","Meal"
"191","38282270","17:35:29","17:42:50","Daves #1","Meal"
"192","38282506","17:40:00","17:43:31","Daves #1","Meal"
"193","38282545","17:35:58","17:44:14","Daves #1","Meal"
"194","38282922","17:41:18","17:44:10","Daves #1","Meal"
"195","38283155","17:42:57","17:44:53","Daves #1","Meal"
"196","38283563","17:48:49","17:50:57","Daves #1","Meal"
"197","38283563","17:48:49","17:50:59","Daves #1","Meal"
"198","38283954","17:51:09","17:53:22","Daves #1","Meal"
"199","38284840","18:02:17","18:05:39","Daves #1","Meal"
"200","38285136","18:03:33","18:05:21","Daves #1","Meal"
"201","38285376","18:07:10","18:11:14","Daves #1","Meal"
"202","38285508","18:09:02","18:12:20","Daves #1","Meal"
"203","38285675","18:10:30","18:21:13","Daves #1","Meal"
"204","38285775","18:10:13","18:12:42","Daves #1","Meal"
"205","38285797","18:10:23","18:20:01","Daves #1","Meal"
"206","38285953","18:11:55","18:16:02","Daves #1","Meal"
"207","38286691","18:20:59","18:26:21","Daves #1","Meal"
"208","38286913","18:23:32","18:29:59","Daves #1","Meal"
"209","38286972","18:22:44","18:28:26","Daves #1","Meal"
"210","38286972","18:22:44","18:28:26","Daves #1","Meal"
"211","38287076","18:24:48","18:30:58","Daves #1","Meal"
"212","38287108","18:23:56","18:25:54","Daves #1","Meal"
"213","38287108","18:23:56","18:25:54","Daves #1","Meal"
"214","38287108","18:23:56","18:25:54","Daves #1","Meal"
"215","38287196","18:25:48","18:33:03","Daves #1","Meal"
"216","38287540","18:28:44","18:33:57","Daves #1","Meal"
"217","38289376","18:46:13","18:48:56","Daves #1","Meal"
"218","38289813","18:50:30","18:51:59","Daves #1","Meal"
"219","38289995","18:52:01","18:53:35","Daves #1","Meal"
"220","38290056","18:54:48","19:01:38","Daves #1","Meal"
"221","38290342","18:57:30","19:02:29","Daves #1","Meal"
"222","38290727","19:00:02","19:04:03","Daves #1","Meal"
"223","38290771","18:58:57","19:10:26","Daves #1","Meal"
"224","38290892","19:01:38","19:03:21","Daves #1","Meal"
"225","38291636","19:08:24","19:11:10","Daves #1","Meal"
"226","38292297","19:13:45","19:25:22","Daves #1","Meal"
"227","38292297","19:13:45","19:25:22","Daves #1","Meal"
"228","38292723","19:17:44","19:19:18","Daves #1","Meal"
"229","38292922","19:21:31","19:24:22","Daves #1","Meal"
"230","38294050","19:31:17","19:35:44","Daves #1","Meal"
"231","38294196","19:31:31","19:34:27","Daves #1","Meal"
"232","38295202","19:41:49","19:44:17","Daves #1","Meal"
"233","38295281","19:44:36","19:46:43","Daves #1","Meal"
"234","38295571","19:45:33","19:48:16","Daves #1","Meal"
"235","38295571","19:45:33","19:48:16","Daves #1","Meal"
"236","38297030","19:59:54","20:02:40","Daves #1","Meal"
"237","38297875","19:59:54","20:02:40","Daves #1","Meal"
"238","38298122","20:08:35","20:10:20","Daves #1","Meal"
"239","38298503","20:12:51","20:19:39","Daves #1","Meal"
"240","38298753","20:14:19","20:17:57","Daves #1","Meal"
"241","38298753","20:14:19","20:17:57","Daves #1","Meal"
"242","38300412","20:30:18","20:34:44","Daves #1","Meal"
"243","38300673","20:33:57","20:38:40","Daves #1","Meal"
"244","38300990","20:34:59","20:36:13","Daves #1","Meal"
"245","38301580","20:40:15","20:42:29","Daves #1","Meal"
"246","38301968","20:43:27","20:48:09","Daves #1","Meal"
"247","38302352","20:46:51","20:48:56","Daves #1","Meal"
"248","38302942","20:55:24","20:59:29","Daves #1","Meal"
"249","38303195","20:57:35","21:07:05","Daves #1","Meal"
"250","38303265","20:56:13","20:59:17","Daves #1","Meal"
"251","38303590","21:00:02","21:07:48","Daves #1","Meal"
"252","38303796","21:01:39","21:09:12","Daves #1","Meal"
"253","38303858","21:02:22","21:08:56","Daves #1","Meal"
"254","38304292","21:07:57","21:11:39","Daves #1","Meal"
"255","38304532","21:08:50","21:13:07","Daves #1","Meal"
"256","38304532","21:08:50","21:13:07","Daves #1","Meal"
"257","38305550","21:18:44","21:21:45","Daves #1","Meal"
"258","38305712","21:20:05","21:22:59","Daves #1","Meal"
"259","38307145","21:32:09","21:34:20","Daves #1","Meal"
"260","38307266","21:33:14","21:40:08","Daves #1","Meal"
"261","38307346","21:35:00","21:36:01","Daves #1","Meal"
"262","38307904","21:39:37","21:42:07","Daves #1","Meal"
"263","38307909","21:40:10","21:41:34","Daves #1","Meal"
"264","38310149","22:02:39","22:04:46","Daves #1","Meal"
"265","38310726","22:08:27","22:13:06","Daves #1","Meal"
"266","38311481","22:16:47","22:31:20","Daves #1","Meal"
"267","38311726","22:20:20","22:34:57","Daves #1","Meal"
"268","38312144","22:24:51","22:43:15","Daves #1","Meal"
"269","38312146","22:23:39","22:43:34","Daves #1","Meal"
"270","38312954","22:33:23","22:43:44","Daves #1","Meal"
"271","38252917","23:27:36","23:33:33","Daves #2","Meal"
"272","38252925","10:35:06","10:37:30","Daves #2","Meal"
"273","38252966","10:39:05","10:40:40","Daves #2","Meal"
"274","38252976","10:45:13","10:48:57","Daves #2","Meal"
"275","38253211","11:06:20","11:10:36","Daves #2","Meal"
"276","38253245","11:09:03","11:12:08","Daves #2","Meal"
"277","38253245","11:09:03","11:12:08","Daves #2","Meal"
"278","38253373","11:15:07","11:21:22","Daves #2","Meal"
"279","38253373","11:15:07","11:21:22","Daves #2","Meal"
"280","38253482","11:20:26","11:23:39","Daves #2","Meal"
"281","38253528","11:24:18","11:29:09","Daves #2","Meal"
"282","38253681","11:28:53","11:35:03","Daves #2","Meal"
"283","38253711","11:30:08","11:33:41","Daves #2","Meal"
"284","38253712","11:30:09","11:39:08","Daves #2","Meal"
"285","38253712","11:30:09","11:39:08","Daves #2","Meal"
"286","38253783","11:34:02","11:42:10","Daves #2","Meal"
"287","38253933","11:38:56","11:44:35","Daves #2","Meal"
"288","38253933","11:38:56","11:44:35","Daves #2","Meal"
"289","38254090","11:44:30","11:49:25","Daves #2","Meal"
"290","38254114","11:45:18","11:50:04","Daves #2","Meal"
"291","38254166","11:47:02","11:50:39","Daves #2","Meal"
"292","38254434","11:55:07","11:59:15","Daves #2","Meal"
"293","38254434","11:55:07","11:59:15","Daves #2","Meal"
"294","38254554","12:00:16","12:03:03","Daves #2","Meal"
"295","38254898","12:11:08","12:16:05","Daves #2","Meal"
"296","38255225","12:12:46","12:15:05","Daves #2","Meal"
"297","38255312","12:14:33","12:20:13","Daves #2","Meal"
"298","38255312","12:14:33","12:20:13","Daves #2","Meal"
"299","38255354","12:15:36","12:17:21","Daves #2","Meal"
"300","38255392","12:17:10","12:20:18","Daves #2","Meal"
"301","38255405","12:17:56","12:21:54","Daves #2","Meal"
"302","38255718","12:22:38","12:26:01","Daves #2","Meal"
"303","38256489","12:38:39","12:43:51","Daves #2","Meal"
"304","38256671","12:41:27","12:45:23","Daves #2","Meal"
"305","38256671","12:41:27","12:45:23","Daves #2","Meal"
"306","38256894","12:46:55","12:50:44","Daves #2","Meal"
"307","38256962","12:50:20","12:53:06","Daves #2","Meal"
"308","38257122","12:52:09","12:54:39","Daves #2","Meal"
"309","38257122","12:52:09","12:54:39","Daves #2","Meal"
"310","38257223","12:52:27","12:54:57","Daves #2","Meal"
"311","38257269","12:54:18","12:58:21","Daves #2","Meal"
"312","38257274","12:52:20","12:57:26","Daves #2","Meal"
"313","38257383","12:54:10","12:57:11","Daves #2","Meal"
"314","38257414","12:56:01","13:01:45","Daves #2","Meal"
"315","38257577","12:57:30","13:00:50","Daves #2","Meal"
"316","38257599","12:59:08","13:05:37","Daves #2","Meal"
"317","38257599","12:59:08","13:05:37","Daves #2","Meal"
"318","38257648","12:59:26","13:06:40","Daves #2","Meal"
"319","38257910","13:04:08","13:07:39","Daves #2","Meal"
"320","38258222","13:07:51","13:09:44","Daves #2","Meal"
"321","38258248","13:09:19","13:13:18","Daves #2","Meal"
"322","38258338","13:11:20","13:13:54","Daves #2","Meal"
"323","38258694","13:16:32","13:19:16","Daves #2","Meal"
"324","38258868","13:18:31","13:22:13","Daves #2","Meal"
"325","38258868","13:18:31","13:22:13","Daves #2","Meal"
"326","38259096","13:20:47","13:22:42","Daves #2","Meal"
"327","38259364","13:23:32","13:27:24","Daves #2","Meal"
"328","38259553","13:27:49","13:32:24","Daves #2","Meal"
"329","38259632","13:27:11","13:29:49","Daves #2","Meal"
"330","38259697","13:28:53","13:33:03","Daves #2","Meal"
"331","38259770","13:28:54","13:30:56","Daves #2","Meal"
"332","38259771","13:29:52","13:33:45","Daves #2","Meal"
"333","38259890","13:31:52","13:38:39","Daves #2","Meal"
"334","38260331","13:37:03","13:39:51","Daves #2","Meal"
"335","38260549","13:42:11","13:46:17","Daves #2","Meal"
"336","38260775","13:41:55","13:44:54","Daves #2","Meal"
"337","38260804","13:43:11","13:46:52","Daves #2","Meal"
"338","38260846","13:42:51","13:55:27","Daves #2","Meal"
"339","38260995","13:45:08","13:54:52","Daves #2","Meal"
"340","38261118","13:46:38","13:57:32","Daves #2","Meal"
"341","38261553","13:52:37","14:00:47","Daves #2","Meal"
"342","38261651","13:53:46","13:59:14","Daves #2","Meal"
"343","38261663","13:55:10","14:00:16","Daves #2","Meal"
"344","38262049","13:59:10","14:02:33","Daves #2","Meal"
"345","38262308","14:04:14","14:05:31","Daves #2","Meal"
"346","38263649","14:17:49","14:19:25","Daves #2","Meal"
"347","38263888","14:19:08","14:22:55","Daves #2","Meal"
"348","38263888","14:19:08","14:22:55","Daves #2","Meal"
"349","38264196","14:23:17","14:27:16","Daves #2","Meal"
"350","38264298","14:24:43","14:31:49","Daves #2","Meal"
"351","38264336","14:23:45","14:28:45","Daves #2","Meal"
"352","38264514","14:26:10","14:29:21","Daves #2","Meal"
"353","38264688","14:27:17","14:30:10","Daves #2","Meal"
"354","38264781","14:29:34","14:33:44","Daves #2","Meal"
"355","38266080","14:41:45","14:44:42","Daves #2","Meal"
"356","38267138","14:54:51","14:58:17","Daves #2","Meal"
"357","38267148","14:53:15","14:57:22","Daves #2","Meal"
"358","38267298","14:56:17","15:03:24","Daves #2","Meal"
"359","38267924","15:02:10","15:12:01","Daves #2","Meal"
"360","38267950","15:04:43","15:15:32","Daves #2","Meal"
"361","38268532","15:08:24","15:16:17","Daves #2","Meal"
"362","38269233","15:14:48","15:26:36","Daves #2","Meal"
"363","38269701","15:20:34","15:28:09","Daves #2","Meal"
"364","38269707","15:19:33","15:24:47","Daves #2","Meal"
"365","38270100","15:24:47","15:30:16","Daves #2","Meal"
"366","38270247","15:26:12","15:32:49","Daves #2","Meal"
"367","38270312","15:27:05","15:32:51","Daves #2","Meal"
"368","38271207","15:34:48","15:41:53","Daves #2","Meal"
"369","38271207","15:34:48","15:41:53","Daves #2","Meal"
"370","38271329","15:43:59","15:46:52","Daves #2","Meal"
"371","38271450","15:37:27","15:42:57","Daves #2","Meal"
"372","38271456","15:37:29","15:44:20","Daves #2","Meal"
"373","38272430","15:47:46","15:51:03","Daves #2","Meal"
"374","38272947","15:53:20","15:57:14","Daves #2","Meal"
"375","38273085","15:53:27","15:59:09","Daves #2","Meal"
"376","38273120","15:53:48","16:08:48","Daves #2","Meal"
"377","38273515","15:59:04","16:07:05","Daves #2","Meal"
"378","38274709","16:10:07","16:13:38","Daves #2","Meal"
"379","38274812","16:11:08","16:19:27","Daves #2","Meal"
"380","38274812","16:11:08","16:19:27","Daves #2","Meal"
"381","38275186","16:15:03","16:19:14","Daves #2","Meal"
"382","38275278","16:17:37","16:28:15","Daves #2","Meal"
"383","38275361","16:16:41","16:22:27","Daves #2","Meal"
"384","38275635","16:19:41","16:28:23","Daves #2","Meal"
"385","38275690","16:22:34","16:26:55","Daves #2","Meal"
"386","38275816","16:21:24","16:29:10","Daves #2","Meal"
"387","38276122","16:24:56","16:35:16","Daves #2","Meal"
"388","38276122","16:24:56","16:35:16","Daves #2","Meal"
"389","38276362","16:27:39","16:36:51","Daves #2","Meal"
"390","38276814","16:32:31","16:38:14","Daves #2","Meal"
"391","38277081","16:35:23","16:40:15","Daves #2","Meal"
"392","38277198","16:38:59","16:46:41","Daves #2","Meal"
"393","38277198","16:38:59","16:46:41","Daves #2","Meal"
"394","38277412","16:41:09","16:45:24","Daves #2","Meal"
"395","38277473","16:40:05","16:44:39","Daves #2","Meal"
"396","38277473","16:40:05","16:44:39","Daves #2","Meal"
"397","38277791","16:43:36","16:50:31","Daves #2","Meal"
"398","38278056","16:46:15","16:48:25","Daves #2","Meal"
"399","38278056","16:46:15","16:48:25","Daves #2","Meal"
"400","38278090","16:48:36","16:55:39","Daves #2","Meal"
"401","38278134","16:47:15","16:53:32","Daves #2","Meal"
"402","38278134","16:47:15","16:53:32","Daves #2","Meal"
"403","38278412","16:50:56","16:56:50","Daves #2","Meal"
"404","38278485","16:51:49","16:57:19","Daves #2","Meal"
"405","38278671","16:55:03","17:04:25","Daves #2","Meal"
"406","38278671","16:55:03","17:04:25","Daves #2","Meal"
"407","38279211","16:59:26","17:01:28","Daves #2","Meal"
"408","38279936","17:08:39","17:11:18","Daves #2","Meal"
"409","38280262","17:11:06","17:13:48","Daves #2","Meal"
"410","38280324","17:14:52","17:18:35","Daves #2","Meal"
"411","38280485","17:13:40","17:17:15","Daves #2","Meal"
"412","38280485","17:13:40","17:17:15","Daves #2","Meal"
"413","38280863","17:17:38","17:22:40","Daves #2","Meal"
"414","38280908","17:21:02","17:23:56","Daves #2","Meal"
"415","38281224","17:21:44","17:24:04","Daves #2","Meal"
"416","38281254","17:22:09","17:31:03","Daves #2","Meal"
"417","38281362","17:23:17","17:26:24","Daves #2","Meal"
"418","38281498","17:24:40","17:30:29","Daves #2","Meal"
"419","38281550","17:25:07","17:30:04","Daves #2","Meal"
"420","38281555","17:25:10","17:34:03","Daves #2","Meal"
"421","38281627","17:25:47","17:35:20","Daves #2","Meal"
"422","38281709","17:27:49","17:39:52","Daves #2","Meal"
"423","38281709","17:27:49","17:39:52","Daves #2","Meal"
"424","38282107","17:31:44","17:42:33","Daves #2","Meal"
"425","38282402","17:34:26","17:42:05","Daves #2","Meal"
"426","38283202","17:42:54","17:45:50","Daves #2","Meal"
"427","38283216","17:43:55","17:45:41","Daves #2","Meal"
"428","38283417","17:45:59","17:47:43","Daves #2","Meal"
"429","38283674","17:51:14","17:56:57","Daves #2","Meal"
"430","38283674","17:51:14","17:56:57","Daves #2","Meal"
"431","38283960","17:54:17","17:59:49","Daves #2","Meal"
"432","38283960","17:54:17","17:59:49","Daves #2","Meal"
"433","38284116","17:52:47","17:57:25","Daves #2","Meal"
"434","38284126","17:52:55","17:59:06","Daves #2","Meal"
"435","38284126","17:52:55","17:59:06","Daves #2","Meal"
"436","38284308","17:54:48","18:01:25","Daves #2","Meal"
"437","38284523","17:57:20","18:00:46","Daves #2","Meal"
"438","38284690","18:00:48","18:03:42","Daves #2","Meal"
"439","38284744","17:59:47","18:03:11","Daves #2","Meal"
"440","38284840","18:02:17","18:05:39","Daves #2","Meal"
"441","38284962","18:02:02","18:04:47","Daves #2","Meal"
"442","38284962","18:02:02","18:04:47","Daves #2","Meal"
"443","38285166","18:05:48","18:09:33","Daves #2","Meal"
"444","38285341","18:05:30","18:07:19","Daves #2","Meal"
"445","38285408","18:06:10","18:10:06","Daves #2","Meal"
"446","38285461","18:06:42","18:10:41","Daves #2","Meal"
"447","38285508","18:09:02","18:12:20","Daves #2","Meal"
"448","38285508","18:09:02","18:12:20","Daves #2","Meal"
"449","38285508","18:09:02","18:12:20","Daves #2","Meal"
"450","38285644","18:08:40","18:12:05","Daves #2","Meal"
"451","38285675","18:10:30","18:21:13","Daves #2","Meal"
"452","38285675","18:10:30","18:21:13","Daves #2","Meal"
"453","38285797","18:10:23","18:20:01","Daves #2","Meal"
"454","38286197","18:14:31","18:22:26","Daves #2","Meal"
"455","38286253","18:15:09","18:25:16","Daves #2","Meal"
"456","38287196","18:25:48","18:33:03","Daves #2","Meal"
"457","38287704","18:29:35","18:35:33","Daves #2","Meal"
"458","38287732","18:30:48","18:36:49","Daves #2","Meal"
"459","38287828","18:32:25","18:37:52","Daves #2","Meal"
"460","38287828","18:32:25","18:37:52","Daves #2","Meal"
"461","38287999","18:33:52","18:38:42","Daves #2","Meal"
"462","38288063","18:33:11","18:37:43","Daves #2","Meal"
"463","38288141","18:35:11","18:39:56","Daves #2","Meal"
"464","38288141","18:35:11","18:39:56","Daves #2","Meal"
"465","38288299","18:36:48","18:43:20","Daves #2","Meal"
"466","38288395","18:36:03","18:39:10","Daves #2","Meal"
"467","38288459","18:36:46","18:41:25","Daves #2","Meal"
"468","38288571","18:38:56","18:43:47","Daves #2","Meal"
"469","38288973","18:41:58","18:47:20","Daves #2","Meal"
"470","38289195","18:45:31","18:49:58","Daves #2","Meal"
"471","38290269","18:54:10","18:59:57","Daves #2","Meal"
"472","38290379","18:55:09","18:59:00","Daves #2","Meal"
"473","38290588","18:57:13","19:02:53","Daves #2","Meal"
"474","38290742","18:58:35","19:05:41","Daves #2","Meal"
"475","38290771","18:58:57","19:10:26","Daves #2","Meal"
"476","38290976","19:00:57","19:06:28","Daves #2","Meal"
"477","38291279","19:03:42","19:04:43","Daves #2","Meal"
"478","38291627","19:06:51","19:11:00","Daves #2","Meal"
"479","38291776","19:09:37","19:11:40","Daves #2","Meal"
"480","38291929","19:10:07","19:11:57","Daves #2","Meal"
"481","38292275","19:16:35","19:17:59","Daves #2","Meal"
"482","38292614","19:18:00","19:20:48","Daves #2","Meal"
"483","38292614","19:18:00","19:20:48","Daves #2","Meal"
"484","38292685","19:17:19","19:22:02","Daves #2","Meal"
"485","38292981","19:20:07","19:23:42","Daves #2","Meal"
"486","38293087","19:21:10","19:22:48","Daves #2","Meal"
"487","38293685","19:26:42","19:28:58","Daves #2","Meal"
"488","38293952","19:30:03","19:34:41","Daves #2","Meal"
"489","38295451","19:43:36","19:45:48","Daves #2","Meal"
"490","38295451","19:43:36","19:45:48","Daves #2","Meal"
"491","38295648","19:45:20","19:47:39","Daves #2","Meal"
"492","38295926","19:47:56","19:51:17","Daves #2","Meal"
"493","38295985","19:50:29","19:53:00","Daves #2","Meal"
"494","38295985","19:50:29","19:53:00","Daves #2","Meal"
"495","38295985","19:50:29","19:53:00","Daves #2","Meal"
"496","38296629","19:56:30","20:00:08","Daves #2","Meal"
"497","38296650","19:54:36","19:59:39","Daves #2","Meal"
"498","38296713","19:55:07","19:57:10","Daves #2","Meal"
"499","38297030","19:59:54","20:02:40","Daves #2","Meal"
"500","38297034","19:58:02","20:01:01","Daves #2","Meal"
"501","38297188","19:59:31","20:03:20","Daves #2","Meal"
"502","38297445","20:02:03","20:05:45","Daves #2","Meal"
"503","38297445","20:02:03","20:05:45","Daves #2","Meal"
"504","38297587","20:03:26","20:07:25","Daves #2","Meal"
"505","38298187","20:09:00","20:11:16","Daves #2","Meal"
"506","38298255","20:09:40","20:13:53","Daves #2","Meal"
"507","38298255","20:09:40","20:13:53","Daves #2","Meal"
"508","38298321","20:10:17","20:14:59","Daves #2","Meal"
"509","38298805","20:17:22","20:26:34","Daves #2","Meal"
"510","38299153","20:17:43","20:23:35","Daves #2","Meal"
"511","38299278","20:20:20","20:25:40","Daves #2","Meal"
"512","38299674","20:23:31","20:28:24","Daves #2","Meal"
"513","38299734","20:23:25","20:25:11","Daves #2","Meal"
"514","38299978","20:25:42","20:30:20","Daves #2","Meal"
"515","38300287","20:29:31","20:33:25","Daves #2","Meal"
"516","38300506","20:31:04","20:35:16","Daves #2","Meal"
"517","38300586","20:31:56","20:35:41","Daves #2","Meal"
"518","38300673","20:33:57","20:38:40","Daves #2","Meal"
"519","38301282","20:37:28","20:39:51","Daves #2","Meal"
"520","38301303","20:37:38","20:40:51","Daves #2","Meal"
"521","38302124","20:45:42","20:48:38","Daves #2","Meal"
"522","38302233","20:48:13","20:51:18","Daves #2","Meal"
"523","38303055","20:54:05","20:57:57","Daves #2","Meal"
"524","38303195","20:57:35","21:07:05","Daves #2","Meal"
"525","38303265","20:56:13","20:59:17","Daves #2","Meal"
"526","38303424","20:58:28","21:01:24","Daves #2","Meal"
"527","38303483","20:58:13","21:02:07","Daves #2","Meal"
"528","38303513","20:59:13","21:01:59","Daves #2","Meal"
"529","38303606","20:59:27","21:01:25","Daves #2","Meal"
"530","38303948","21:03:37","21:09:20","Daves #2","Meal"
"531","38305032","21:15:12","21:18:07","Daves #2","Meal"
"532","38305337","21:17:09","21:20:50","Daves #2","Meal"
"533","38305550","21:18:44","21:21:45","Daves #2","Meal"
"534","38306044","21:22:21","21:26:36","Daves #2","Meal"
"535","38306675","21:27:48","21:30:31","Daves #2","Meal"
"536","38306675","21:27:48","21:30:31","Daves #2","Meal"
"537","38306979","21:31:28","21:33:47","Daves #2","Meal"
"538","38307509","21:35:35","21:40:38","Daves #2","Meal"
"539","38308235","21:43:00","21:44:31","Daves #2","Meal"
"540","38308475","21:45:18","21:48:05","Daves #2","Meal"
"541","38309847","21:59:47","22:01:31","Daves #2","Meal"
"542","38310264","22:03:48","22:05:15","Daves #2","Meal"
"543","38310409","22:05:12","22:07:53","Daves #2","Meal"
"544","38310523","22:06:24","22:13:28","Daves #2","Meal"
"545","38310585","22:07:03","22:12:20","Daves #2","Meal"
"546","38310722","22:09:08","22:15:16","Daves #2","Meal"
"547","38310785","22:09:56","22:16:05","Daves #2","Meal"
"548","38310870","22:10:07","22:16:29","Daves #2","Meal"
"549","38311035","22:11:40","22:14:13","Daves #2","Meal"
"550","38311585","22:17:58","22:27:31","Daves #2","Meal"
"551","38311633","22:18:24","22:33:42","Daves #2","Meal"
"552","38311727","22:19:18","22:29:47","Daves #2","Meal"
"553","38311896","22:22:02","22:35:05","Daves #2","Meal"
"554","38312019","22:22:24","22:35:44","Daves #2","Meal"
"555","38312164","22:23:48","22:30:02","Daves #2","Meal"
"556","38312229","22:24:30","22:30:16","Daves #2","Meal"
"557","38313073","22:34:35","22:51:19","Daves #2","Meal"
"558","38313166","22:36:23","22:50:22","Daves #2","Meal"
"559","38313303","22:36:22","22:47:03","Daves #2","Meal"
"560","38313984","22:46:35","22:46:43","Daves #2","Meal"
"561","38252938","10:34:48","10:36:17","Daves #3","Meal"
"562","38252963","10:40:17","10:45:02","Daves #3","Meal"
"563","38252964","10:40:25","10:45:43","Daves #3","Meal"
"564","38252971","10:39:47","10:45:32","Daves #3","Meal"
"565","38253036","10:54:46","10:56:52","Daves #3","Meal"
"566","38253072","10:59:29","11:00:47","Daves #3","Meal"
"567","38253211","11:06:20","11:10:36","Daves #3","Meal"
"568","38253265","11:08:42","11:11:20","Daves #3","Meal"
"569","38253373","11:15:07","11:21:22","Daves #3","Meal"
"570","38253500","11:23:43","11:26:10","Daves #3","Meal"
"571","38253599","11:25:47","11:28:00","Daves #3","Meal"
"572","38253675","11:30:55","11:41:10","Daves #3","Meal"
"573","38253675","11:30:55","11:41:10","Daves #3","Meal"
"574","38253781","11:34:01","11:39:08","Daves #3","Meal"
"575","38253781","11:34:01","11:39:08","Daves #3","Meal"
"576","38253818","11:34:18","11:40:11","Daves #3","Meal"
"577","38253857","11:35:39","11:41:05","Daves #3","Meal"
"578","38253861","11:38:29","11:43:20","Daves #3","Meal"
"579","38253933","11:38:56","11:44:35","Daves #3","Meal"
"580","38253959","11:40:10","11:47:47","Daves #3","Meal"
"581","38253959","11:40:10","11:47:47","Daves #3","Meal"
"582","38254033","11:53:41","11:57:02","Daves #3","Meal"
"583","38254033","11:53:41","11:57:02","Daves #3","Meal"
"584","38254210","11:49:25","11:51:39","Daves #3","Meal"
"585","38254246","11:51:05","11:52:33","Daves #3","Meal"
"586","38254400","12:04:26","12:13:08","Daves #3","Meal"
"587","38254401","11:54:49","11:59:34","Daves #3","Meal"
"588","38254401","11:54:49","11:59:34","Daves #3","Meal"
"589","38255022","12:10:03","12:11:58","Daves #3","Meal"
"590","38255085","12:11:38","12:13:59","Daves #3","Meal"
"591","38255147","12:16:32","12:21:00","Daves #3","Meal"
"592","38255248","12:16:18","12:18:57","Daves #3","Meal"
"593","38255248","12:16:18","12:18:59","Daves #3","Meal"
"594","38255248","12:16:18","12:18:59","Daves #3","Meal"
"595","38255531","12:19:30","12:21:54","Daves #3","Meal"
"596","38255969","12:32:27","12:35:39","Daves #3","Meal"
"597","38256228","12:34:45","12:37:38","Daves #3","Meal"
"598","38256259","12:35:31","12:39:14","Daves #3","Meal"
"599","38256259","12:35:31","12:39:14","Daves #3","Meal"
"600","38256259","12:35:31","12:39:14","Daves #3","Meal"
"601","38256320","12:34:53","12:41:07","Daves #3","Meal"
"602","38256320","12:34:53","12:41:07","Daves #3","Meal"
"603","38256805","12:44:18","12:46:31","Daves #3","Meal"
"604","38257579","12:57:32","13:01:32","Daves #3","Meal"
"605","38258324","13:09:16","13:11:50","Daves #3","Meal"
"606","38258552","13:12:31","13:14:11","Daves #3","Meal"
"607","38258749","13:16:35","13:18:46","Daves #3","Meal"
"608","38259452","13:25:54","13:28:56","Daves #3","Meal"
"609","38260872","13:45:17","13:56:18","Daves #3","Meal"
"610","38261016","13:46:18","13:56:55","Daves #3","Meal"
"611","38261096","13:49:25","13:56:48","Daves #3","Meal"
"612","38261314","13:51:44","13:58:39","Daves #3","Meal"
"613","38261385","13:50:20","14:01:57","Daves #3","Meal"
"614","38261813","13:58:54","14:01:29","Daves #3","Meal"
"615","38262034","14:00:21","14:03:10","Daves #3","Meal"
"616","38262049","13:59:10","14:02:33","Daves #3","Meal"
"617","38262930","14:09:30","14:11:47","Daves #3","Meal"
"618","38263004","14:10:35","14:12:03","Daves #3","Meal"
"619","38263176","14:13:39","14:16:16","Daves #3","Meal"
"620","38263374","14:14:41","14:16:57","Daves #3","Meal"
"621","38263486","14:16:25","14:19:08","Daves #3","Meal"
"622","38263888","14:19:08","14:22:55","Daves #3","Meal"
"623","38264975","14:31:48","14:35:12","Daves #3","Meal"
"624","38264975","14:31:48","14:35:12","Daves #3","Meal"
"625","38265037","14:31:05","14:34:23","Daves #3","Meal"
"626","38265037","14:31:05","14:34:23","Daves #3","Meal"
"627","38265038","14:31:53","14:34:15","Daves #3","Meal"
"628","38265700","14:39:34","14:42:36","Daves #3","Meal"
"629","38266623","14:54:44","14:57:14","Daves #3","Meal"
"630","38267803","15:02:23","15:05:36","Daves #3","Meal"
"631","38267880","15:07:03","15:10:29","Daves #3","Meal"
"632","38269616","15:19:27","15:23:36","Daves #3","Meal"
"633","38270139","15:24:58","15:28:34","Daves #3","Meal"
"634","38270233","15:25:37","15:32:25","Daves #3","Meal"
"635","38270367","15:28:34","15:36:56","Daves #3","Meal"
"636","38270623","15:33:48","15:37:20","Daves #3","Meal"
"637","38271132","15:34:00","15:39:41","Daves #3","Meal"
"638","38271449","15:37:26","15:45:52","Daves #3","Meal"
"639","38271449","15:37:26","15:45:52","Daves #3","Meal"
"640","38272093","15:43:28","15:45:50","Daves #3","Meal"
"641","38272145","15:46:38","15:48:55","Daves #3","Meal"
"642","38272317","15:46:38","15:48:32","Daves #3","Meal"
"643","38272431","15:47:29","15:49:22","Daves #3","Meal"
"644","38272474","15:47:06","15:49:34","Daves #3","Meal"
"645","38272549","15:52:45","15:57:48","Daves #3","Meal"
"646","38272549","15:52:45","15:57:48","Daves #3","Meal"
"647","38272661","15:50:35","15:54:51","Daves #3","Meal"
"648","38273399","15:58:43","16:10:55","Daves #3","Meal"
"649","38274080","16:04:09","16:12:25","Daves #3","Meal"
"650","38274157","16:05:44","16:13:00","Daves #3","Meal"
"651","38275278","16:17:37","16:28:15","Daves #3","Meal"
"652","38275278","16:17:37","16:28:15","Daves #3","Meal"
"653","38275278","16:17:37","16:28:15","Daves #3","Meal"
"654","38275607","16:20:04","16:26:37","Daves #3","Meal"
"655","38275826","16:22:02","16:31:44","Daves #3","Meal"
"656","38276143","16:25:07","16:27:37","Daves #3","Meal"
"657","38276954","16:34:09","16:38:22","Daves #3","Meal"
"658","38277348","16:38:42","16:41:11","Daves #3","Meal"
"659","38277640","16:41:49","16:47:15","Daves #3","Meal"
"660","38278131","16:47:13","16:52:52","Daves #3","Meal"
"661","38278241","16:50:22","16:56:24","Daves #3","Meal"
"662","38278773","17:00:19","17:07:03","Daves #3","Meal"
"663","38279275","17:00:00","17:03:06","Daves #3","Meal"
"664","38279314","17:02:32","17:04:50","Daves #3","Meal"
"665","38279886","17:06:39","17:09:45","Daves #3","Meal"
"666","38280262","17:11:06","17:13:48","Daves #3","Meal"
"667","38280324","17:14:52","17:18:35","Daves #3","Meal"
"668","38281550","17:25:07","17:30:04","Daves #3","Meal"
"669","38281656","17:26:16","17:32:43","Daves #3","Meal"
"670","38281903","17:28:51","17:38:39","Daves #3","Meal"
"671","38282506","17:40:00","17:43:31","Daves #3","Meal"
"672","38282801","17:38:48","17:45:06","Daves #3","Meal"
"673","38283053","17:42:20","17:44:27","Daves #3","Meal"
"674","38283202","17:42:54","17:45:05","Daves #3","Meal"
"675","38283304","17:45:06","17:47:39","Daves #3","Meal"
"676","38283496","17:46:53","17:49:42","Daves #3","Meal"
"677","38284126","17:52:55","17:59:06","Daves #3","Meal"
"678","38285013","18:02:32","18:06:13","Daves #3","Meal"
"679","38285166","18:05:48","18:09:33","Daves #3","Meal"
"680","38285797","18:10:23","18:20:01","Daves #3","Meal"
"681","38285812","18:12:42","18:22:56","Daves #3","Meal"
"682","38285812","18:12:42","18:22:56","Daves #3","Meal"
"683","38285812","18:12:42","18:22:56","Daves #3","Meal"
"684","38285812","18:12:42","18:22:56","Daves #3","Meal"
"685","38286197","18:14:31","18:22:26","Daves #3","Meal"
"686","38286306","18:15:42","18:25:14","Daves #3","Meal"
"687","38286691","18:20:59","18:26:21","Daves #3","Meal"
"688","38286796","18:22:01","18:27:31","Daves #3","Meal"
"689","38287316","18:27:13","18:33:37","Daves #3","Meal"
"690","38287448","18:27:59","18:33:17","Daves #3","Meal"
"691","38287620","18:29:51","18:36:18","Daves #3","Meal"
"692","38288299","18:36:48","18:43:20","Daves #3","Meal"
"693","38288345","18:35:37","18:42:02","Daves #3","Meal"
"694","38288698","18:41:40","18:44:31","Daves #3","Meal"
"695","38288819","18:40:07","18:42:09","Daves #3","Meal"
"696","38288819","18:40:07","18:42:09","Daves #3","Meal"
"697","38288951","18:42:57","18:48:38","Daves #3","Meal"
"698","38288973","18:41:58","18:47:20","Daves #3","Meal"
"699","38289195","18:45:31","18:49:58","Daves #3","Meal"
"700","38289195","18:45:31","18:49:58","Daves #3","Meal"
"701","38289451","18:47:46","18:50:30","Daves #3","Meal"
"702","38289451","18:47:46","18:50:30","Daves #3","Meal"
"703","38289616","18:49:48","18:51:47","Daves #3","Meal"
"704","38290342","18:57:30","19:02:29","Daves #3","Meal"
"705","38290342","18:57:30","19:02:29","Daves #3","Meal"
"706","38290624","18:58:28","19:05:03","Daves #3","Meal"
"707","38291627","19:06:51","19:11:00","Daves #3","Meal"
"708","38291896","19:11:51","19:14:04","Daves #3","Meal"
"709","38292095","19:13:24","19:14:40","Daves #3","Meal"
"710","38292307","19:13:51","19:15:31","Daves #3","Meal"
"711","38292529","19:15:48","19:16:52","Daves #3","Meal"
"712","38292754","19:19:37","19:21:16","Daves #3","Meal"
"713","38292922","19:21:31","19:24:22","Daves #3","Meal"
"714","38292981","19:20:07","19:23:42","Daves #3","Meal"
"715","38293131","19:22:14","19:24:31","Daves #3","Meal"
"716","38293204","19:23:28","19:25:15","Daves #3","Meal"
"717","38293832","19:29:03","19:35:03","Daves #3","Meal"
"718","38293952","19:30:03","19:34:41","Daves #3","Meal"
"719","38294050","19:31:17","19:35:44","Daves #3","Meal"
"720","38294172","19:34:36","19:36:48","Daves #3","Meal"
"721","38294299","19:32:24","19:36:04","Daves #3","Meal"
"722","38294540","19:36:45","19:38:21","Daves #3","Meal"
"723","38295156","19:40:34","19:42:38","Daves #3","Meal"
"724","38295281","19:44:36","19:46:43","Daves #3","Meal"
"725","38295314","19:42:13","19:45:07","Daves #3","Meal"
"726","38295679","19:47:43","19:50:00","Daves #3","Meal"
"727","38295679","19:47:43","19:50:00","Daves #3","Meal"
"728","38296650","19:54:36","19:59:39","Daves #3","Meal"
"729","38296872","19:57:56","20:01:01","Daves #3","Meal"
"730","38297313","20:00:49","20:05:11","Daves #3","Meal"
"731","38297575","20:05:03","20:08:29","Daves #3","Meal"
"732","38297779","20:05:52","20:08:48","Daves #3","Meal"
"733","38298314","20:11:56","20:19:14","Daves #3","Meal"
"734","38298314","20:11:56","20:19:14","Daves #3","Meal"
"735","38298597","20:13:54","20:20:12","Daves #3","Meal"
"736","38299118","20:19:00","20:27:11","Daves #3","Meal"
"737","38299118","20:19:00","20:27:11","Daves #3","Meal"
"738","38299205","20:18:14","20:21:03","Daves #3","Meal"
"739","38299755","20:25:21","20:28:46","Daves #3","Meal"
"740","38299937","20:28:23","20:31:13","Daves #3","Meal"
"741","38301303","20:37:38","20:40:51","Daves #3","Meal"
"742","38301516","20:40:38","20:42:56","Daves #3","Meal"
"743","38302591","20:49:57","20:51:53","Daves #3","Meal"
"744","38302660","20:50:56","20:52:34","Daves #3","Meal"
"745","38302766","20:51:52","20:53:28","Daves #3","Meal"
"746","38302942","20:55:24","20:59:29","Daves #3","Meal"
"747","38303293","20:56:28","20:59:42","Daves #3","Meal"
"748","38304620","21:09:55","21:15:35","Daves #3","Meal"
"749","38304721","21:11:34","21:16:20","Daves #3","Meal"
"750","38304904","21:12:34","21:16:02","Daves #3","Meal"
"751","38306215","21:24:33","21:26:15","Daves #3","Meal"
"752","38306680","21:28:24","21:29:52","Daves #3","Meal"
"753","38306892","21:29:47","21:32:49","Daves #3","Meal"
"754","38308146","21:42:38","21:44:24","Daves #3","Meal"
"755","38309693","21:59:16","22:01:09","Daves #3","Meal"
"756","38309797","21:59:16","22:00:45","Daves #3","Meal"
"757","38309801","22:00:22","22:03:08","Daves #3","Meal"
"758","38309965","22:00:54","22:02:31","Daves #3","Meal"
"759","38310409","22:05:12","22:07:53","Daves #3","Meal"
"760","38310410","22:05:12","22:08:04","Daves #3","Meal"
"761","38310856","22:11:03","22:17:24","Daves #3","Meal"
"762","38310969","22:12:23","22:18:02","Daves #3","Meal"
"763","38311576","22:18:32","22:34:38","Daves #3","Meal"
"764","38311616","22:18:15","22:42:49","Daves #3","Meal"
"765","38311652","22:19:14","22:34:04","Daves #3","Meal"
"766","38312907","22:31:29","22:44:07","Daves #3","Meal"
"767","38313303","22:36:22","22:47:03","Daves #3","Meal"
"768","38313397","22:37:30","22:55:23","Daves #3","Meal"
"769","38313397","22:37:30","22:55:23","Daves #3","Meal"
"770","38313406","22:37:36","22:50:56","Daves #3","Meal"
"771","38313406","22:37:36","22:50:56","Daves #3","Meal"
"772","38313490","22:38:48","22:51:41","Daves #3","Meal"
"773","38313984","22:46:35","22:46:43","Daves #3","Meal"
"774","38313984","22:46:35","22:46:43","Daves #3","Meal"
"775","38314086","22:47:54","22:56:55","Daves #3","Meal"
"776","38252939","10:36:43","10:38:46","Daves #4","Meal"
"777","38252939","10:36:43","10:38:46","Daves #4","Meal"
"778","38252953","10:38:48","10:42:44","Daves #4","Meal"
"779","38253024","10:51:39","10:58:03","Daves #4","Meal"
"780","38253024","10:51:39","10:58:03","Daves #4","Meal"
"781","38253250","11:10:29","11:12:47","Daves #4","Meal"
"782","38253373","11:15:07","11:21:22","Daves #4","Meal"
"783","38253373","11:15:07","11:21:22","Daves #4","Meal"
"784","38253373","11:15:07","11:21:22","Daves #4","Meal"
"785","38253422","11:21:05","11:24:29","Daves #4","Meal"
"786","38253437","11:22:43","11:25:14","Daves #4","Meal"
"787","38253563","11:25:58","11:29:29","Daves #4","Meal"
"788","38253647","11:27:32","11:28:57","Daves #4","Meal"
"789","38253702","11:31:54","11:34:47","Daves #4","Meal"
"790","38253816","11:35:40","11:42:05","Daves #4","Meal"
"791","38253925","11:39:40","11:44:23","Daves #4","Meal"
"792","38253933","11:38:56","11:44:35","Daves #4","Meal"
"793","38253944","11:41:03","11:47:13","Daves #4","Meal"
"794","38253944","11:41:03","11:47:13","Daves #4","Meal"
"795","38253959","11:40:10","11:47:47","Daves #4","Meal"
"796","38253987","11:42:09","11:48:54","Daves #4","Meal"
"797","38254419","11:54:38","11:57:04","Daves #4","Meal"
"798","38254425","11:55:43","11:56:01","Daves #4","Meal"
"799","38254590","12:01:52","12:03:27","Daves #4","Meal"
"800","38254750","12:05:53","12:10:08","Daves #4","Meal"
"801","38254960","12:09:01","12:10:43","Daves #4","Meal"
"802","38255085","12:11:38","12:13:59","Daves #4","Meal"
"803","38255405","12:17:56","12:21:54","Daves #4","Meal"
"804","38255465","12:28:02","12:29:38","Daves #4","Meal"
"805","38255631","12:21:10","12:22:22","Daves #4","Meal"
"806","38255647","12:21:20","12:23:31","Daves #4","Meal"
"807","38255647","12:21:20","12:23:31","Daves #4","Meal"
"808","38256057","12:31:24","12:33:45","Daves #4","Meal"
"809","38256157","12:32:18","12:34:40","Daves #4","Meal"
"810","38256207","12:33:21","12:35:07","Daves #4","Meal"
"811","38256320","12:34:53","12:41:07","Daves #4","Meal"
"812","38256500","12:38:03","12:41:35","Daves #4","Meal"
"813","38256552","12:48:42","12:52:05","Daves #4","Meal"
"814","38256552","12:48:42","12:52:05","Daves #4","Meal"
"815","38256860","12:45:09","12:48:12","Daves #4","Meal"
"816","38256862","12:45:11","12:48:47","Daves #4","Meal"
"817","38256894","12:46:55","12:50:44","Daves #4","Meal"
"818","38257076","12:49:37","12:52:48","Daves #4","Meal"
"819","38257274","12:52:20","12:57:26","Daves #4","Meal"
"820","38257312","12:54:15","12:58:22","Daves #4","Meal"
"821","38257312","12:54:15","12:58:22","Daves #4","Meal"
"822","38257340","12:53:27","12:58:39","Daves #4","Meal"
"823","38257666","13:00:15","13:06:21","Daves #4","Meal"
"824","38257819","13:18:43","13:20:14","Daves #4","Meal"
"825","38257851","13:02:56","13:04:48","Daves #4","Meal"
"826","38258248","13:09:19","13:13:18","Daves #4","Meal"
"827","38258699","13:14:32","13:17:00","Daves #4","Meal"
"828","38259008","13:19:49","13:23:10","Daves #4","Meal"
"829","38259286","13:24:40","13:28:42","Daves #4","Meal"
"830","38259362","13:23:28","13:25:56","Daves #4","Meal"
"831","38259627","13:27:34","13:30:22","Daves #4","Meal"
"832","38259748","13:29:12","13:32:27","Daves #4","Meal"
"833","38260549","13:42:11","13:46:17","Daves #4","Meal"
"834","38260775","13:41:55","13:44:54","Daves #4","Meal"
"835","38260846","13:42:51","13:55:27","Daves #4","Meal"
"836","38261496","13:53:51","13:59:47","Daves #4","Meal"
"837","38261813","13:58:54","14:01:29","Daves #4","Meal"
"838","38262140","14:00:52","14:03:32","Daves #4","Meal"
"839","38262185","14:02:10","14:03:41","Daves #4","Meal"
"840","38262476","14:05:32","14:06:28","Daves #4","Meal"
"841","38262626","14:07:06","14:08:25","Daves #4","Meal"
"842","38262765","14:07:56","14:09:39","Daves #4","Meal"
"843","38262917","14:08:36","14:10:57","Daves #4","Meal"
"844","38263784","14:22:16","14:26:39","Daves #4","Meal"
"845","38264211","14:22:29","14:27:25","Daves #4","Meal"
"846","38264211","14:22:29","14:27:25","Daves #4","Meal"
"847","38264448","14:25:55","14:35:07","Daves #4","Meal"
"848","38264561","14:47:26","14:51:29","Daves #4","Meal"
"849","38264787","14:29:15","14:31:23","Daves #4","Meal"
"850","38265916","14:42:53","14:45:22","Daves #4","Meal"
"851","38266012","14:41:09","14:43:41","Daves #4","Meal"
"852","38266012","14:41:09","14:43:41","Daves #4","Meal"
"853","38266182","14:46:38","14:50:41","Daves #4","Meal"
"854","38266182","14:46:38","14:50:41","Daves #4","Meal"
"855","38266544","14:47:26","14:51:29","Daves #4","Meal"
"856","38267401","14:58:34","15:04:13","Daves #4","Meal"
"857","38267401","14:58:34","15:04:13","Daves #4","Meal"
"858","38267950","15:04:43","15:15:32","Daves #4","Meal"
"859","38268014","15:03:06","15:14:31","Daves #4","Meal"
"860","38268404","15:07:05","15:12:36","Daves #4","Meal"
"861","38268744","15:10:15","15:14:14","Daves #4","Meal"
"862","38268846","15:15:11","15:17:15","Daves #4","Meal"
"863","38268928","15:14:21","15:21:49","Daves #4","Meal"
"864","38268928","15:14:21","15:21:49","Daves #4","Meal"
"865","38269720","15:23:18","15:29:01","Daves #4","Meal"
"866","38269720","15:23:18","15:29:01","Daves #4","Meal"
"867","38269720","15:23:17","15:29:01","Daves #4","Meal"
"868","38270641","15:28:46","15:37:31","Daves #4","Meal"
"869","38270641","15:28:46","15:37:31","Daves #4","Meal"
"870","38271120","15:35:57","15:38:46","Daves #4","Meal"
"871","38271120","15:35:57","15:38:46","Daves #4","Meal"
"872","38271456","15:37:29","15:44:20","Daves #4","Meal"
"873","38272527","15:48:57","15:51:21","Daves #4","Meal"
"874","38272527","15:48:57","15:51:21","Daves #4","Meal"
"875","38273120","15:53:48","16:08:48","Daves #4","Meal"
"876","38273191","15:56:36","16:06:09","Daves #4","Meal"
"877","38273515","15:59:04","16:07:06","Daves #4","Meal"
"878","38273556","15:57:53","16:08:11","Daves #4","Meal"
"879","38273872","16:01:10","16:11:41","Daves #4","Meal"
"880","38274588","16:10:37","16:16:25","Daves #4","Meal"
"881","38274588","16:10:37","16:16:25","Daves #4","Meal"
"882","38274785","16:11:42","16:20:59","Daves #4","Meal"
"883","38274785","16:11:42","16:20:59","Daves #4","Meal"
"884","38275877","16:24:00","16:32:23","Daves #4","Meal"
"885","38275919","16:23:24","16:27:35","Daves #4","Meal"
"886","38276122","16:24:56","16:35:16","Daves #4","Meal"
"887","38276872","16:33:17","16:37:11","Daves #4","Meal"
"888","38278013","16:45:41","16:51:27","Daves #4","Meal"
"889","38278029","16:46:41","16:52:10","Daves #4","Meal"
"890","38278090","16:48:36","16:55:39","Daves #4","Meal"
"891","38278603","16:54:40","16:57:51","Daves #4","Meal"
"892","38278648","16:53:45","17:01:08","Daves #4","Meal"
"893","38278648","16:53:45","17:01:08","Daves #4","Meal"
"894","38278648","16:53:45","17:01:08","Daves #4","Meal"
"895","38278762","16:55:11","16:59:36","Daves #4","Meal"
"896","38278789","16:55:48","16:59:38","Daves #4","Meal"
"897","38278829","16:55:38","16:58:32","Daves #4","Meal"
"898","38279747","17:07:04","17:07:07","Daves #4","Meal"
"899","38279886","17:06:39","17:09:45","Daves #4","Meal"
"900","38279936","17:08:39","17:11:18","Daves #4","Meal"
"901","38280609","17:15:57","17:20:01","Daves #4","Meal"
"902","38280609","17:15:57","17:20:01","Daves #4","Meal"
"903","38280780","17:18:03","17:22:17","Daves #4","Meal"
"904","38280780","17:18:03","17:22:17","Daves #4","Meal"
"905","38281175","17:25:51","17:36:23","Daves #4","Meal"
"906","38281378","17:23:27","17:28:46","Daves #4","Meal"
"907","38281550","17:25:07","17:30:04","Daves #4","Meal"
"908","38281551","17:25:07","17:32:23","Daves #4","Meal"
"909","38281555","17:25:10","17:34:03","Daves #4","Meal"
"910","38281627","17:25:47","17:35:20","Daves #4","Meal"
"911","38281634","17:26:39","17:36:24","Daves #4","Meal"
"912","38282021","17:31:08","17:41:53","Daves #4","Meal"
"913","38282118","17:31:20","17:39:26","Daves #4","Meal"
"914","38282152","17:32:55","17:40:23","Daves #4","Meal"
"915","38282152","17:32:55","17:40:23","Daves #4","Meal"
"916","38283216","17:43:55","17:45:41","Daves #4","Meal"
"917","38283954","17:51:09","17:53:22","Daves #4","Meal"
"918","38283954","17:51:09","17:53:22","Daves #4","Meal"
"919","38284712","17:59:30","18:02:36","Daves #4","Meal"
"920","38284996","18:03:04","18:06:54","Daves #4","Meal"
"921","38285079","18:03:46","18:07:28","Daves #4","Meal"
"922","38285166","18:05:48","18:09:33","Daves #4","Meal"
"923","38285408","18:06:10","18:10:06","Daves #4","Meal"
"924","38285953","18:11:55","18:16:02","Daves #4","Meal"
"925","38286972","18:22:44","18:28:26","Daves #4","Meal"
"926","38287077","18:23:38","18:29:39","Daves #4","Meal"
"927","38287153","18:24:22","18:31:15","Daves #4","Meal"
"928","38287153","18:24:22","18:31:15","Daves #4","Meal"
"929","38287316","18:27:13","18:33:37","Daves #4","Meal"
"930","38288395","18:36:03","18:39:10","Daves #4","Meal"
"931","38288466","18:37:48","18:44:05","Daves #4","Meal"
"932","38289089","18:43:55","18:48:53","Daves #4","Meal"
"933","38289900","18:51:20","18:51:54","Daves #4","Meal"
"934","38290342","18:57:30","19:02:29","Daves #4","Meal"
"935","38290342","18:57:30","19:02:29","Daves #4","Meal"
"936","38290379","18:55:09","18:59:00","Daves #4","Meal"
"937","38290727","19:00:02","19:04:03","Daves #4","Meal"
"938","38291536","19:06:00","19:08:09","Daves #4","Meal"
"939","38291547","19:06:03","19:09:07","Daves #4","Meal"
"940","38291547","19:06:03","19:09:07","Daves #4","Meal"
"941","38291627","19:06:51","19:11:00","Daves #4","Meal"
"942","38292594","19:16:48","19:18:01","Daves #4","Meal"
"943","38292637","19:17:27","19:18:04","Daves #4","Meal"
"944","38293334","19:25:46","19:29:32","Daves #4","Meal"
"945","38293334","19:25:46","19:29:32","Daves #4","Meal"
"946","38293587","19:26:51","19:33:42","Daves #4","Meal"
"947","38294763","19:39:36","19:41:57","Daves #4","Meal"
"948","38294763","19:39:36","19:41:57","Daves #4","Meal"
"949","38295069","19:41:00","19:43:40","Daves #4","Meal"
"950","38295202","19:41:49","19:44:17","Daves #4","Meal"
"951","38295750","19:46:10","19:49:47","Daves #4","Meal"
"952","38295909","19:48:28","19:52:06","Daves #4","Meal"
"953","38295929","19:47:57","19:50:40","Daves #4","Meal"
"954","38296471","19:54:26","19:56:23","Daves #4","Meal"
"955","38296471","19:54:26","19:56:23","Daves #4","Meal"
"956","38296501","19:53:12","19:54:43","Daves #4","Meal"
"957","38298158","20:09:27","20:11:31","Daves #4","Meal"
"958","38298238","20:10:10","20:12:14","Daves #4","Meal"
"959","38298715","20:14:45","20:20:21","Daves #4","Meal"
"960","38299418","20:21:12","20:27:49","Daves #4","Meal"
"961","38299497","20:21:06","20:22:51","Daves #4","Meal"
"962","38299515","20:22:00","20:27:34","Daves #4","Meal"
"963","38299596","20:22:45","20:28:05","Daves #4","Meal"
"964","38299616","20:22:17","20:24:06","Daves #4","Meal"
"965","38299851","20:24:32","20:29:11","Daves #4","Meal"
"966","38300018","20:26:07","20:29:44","Daves #4","Meal"
"967","38301303","20:37:38","20:40:51","Daves #4","Meal"
"968","38301334","20:39:33","20:42:19","Daves #4","Meal"
"969","38301334","20:39:33","20:42:19","Daves #4","Meal"
"970","38302233","20:48:13","20:51:18","Daves #4","Meal"
"971","38302249","20:47:47","20:49:48","Daves #4","Meal"
"972","38302249","20:47:47","20:49:48","Daves #4","Meal"
"973","38302536","20:49:10","20:51:19","Daves #4","Meal"
"974","38302849","20:52:55","20:55:12","Daves #4","Meal"
"975","38303441","20:57:49","21:00:11","Daves #4","Meal"
"976","38303441","20:57:49","21:00:11","Daves #4","Meal"
"977","38303441","20:57:49","21:00:11","Daves #4","Meal"
"978","38304292","21:07:57","21:11:39","Daves #4","Meal"
"979","38304530","21:07:59","21:12:23","Daves #4","Meal"
"980","38305873","21:21:37","21:23:24","Daves #4","Meal"
"981","38305873","21:21:37","21:23:24","Daves #4","Meal"
"982","38306111","21:23:22","21:25:42","Daves #4","Meal"
"983","38306527","21:26:23","21:27:48","Daves #4","Meal"
"984","38306722","21:28:15","21:30:55","Daves #4","Meal"
"985","38306817","21:29:09","21:31:54","Daves #4","Meal"
"986","38306817","21:29:09","21:31:54","Daves #4","Meal"
"987","38306898","21:29:51","21:31:51","Daves #4","Meal"
"988","38307446","21:35:43","21:38:06","Daves #4","Meal"
"989","38307709","21:37:39","21:41:17","Daves #4","Meal"
"990","38308475","21:45:18","21:48:05","Daves #4","Meal"
"991","38308847","21:50:04","21:51:14","Daves #4","Meal"
"992","38308940","21:50:19","21:53:17","Daves #4","Meal"
"993","38308940","21:50:19","21:53:17","Daves #4","Meal"
"994","38309913","22:02:00","22:03:36","Daves #4","Meal"
"995","38310726","22:08:27","22:13:06","Daves #4","Meal"
"996","38311258","22:14:13","22:19:11","Daves #4","Meal"
"997","38311827","22:21:03","22:36:28","Daves #4","Meal"
"998","38311990","22:23:32","22:30:54","Daves #4","Meal"
"999","38313984","22:46:35","22:46:43","Daves #4","Meal"
"1000","38253250","11:10:29","11:12:47","Daves #5","Meal"
"1001","38256313","12:35:21","12:38:17","Daves #5","Meal"
"1002","38256357","12:36:07","12:38:11","Daves #5","Meal"
"1003","38257681","13:00:00","13:05:57","Daves #5","Meal"
"1004","38260372","13:37:16","13:37:22","Daves #5","Meal"
"1005","38267355","14:56:10","14:58:40","Daves #5","Meal"
"1006","38279519","17:05:10","17:05:15","Daves #5","Meal"
"1007","38280324","17:14:52","17:18:35","Daves #5","Meal"
"1008","38302448","20:48:36","20:50:38","Daves #5","Meal"
"1009","38253950","11:40:54","11:46:20","Fries","Food"
"1010","38254554","12:00:16","12:03:03","Fries","Food"
"1011","38255173","12:13:09","12:13:21","Fries","Food"
"1012","38255312","12:14:33","12:20:13","Fries","Food"
"1013","38256099","12:30:34","12:32:22","Fries","Food"
"1014","38257274","12:52:20","12:57:26","Fries","Food"
"1015","38263939","14:19:43","14:20:13","Fries","Food"
"1016","38264211","14:22:29","14:27:25","Fries","Food"
"1017","38273410","15:57:31","15:58:50","Fries","Food"
"1018","38273438","15:56:55","16:03:21","Fries","Food"
"1019","38273556","15:57:53","16:08:11","Fries","Food"
"1020","38277640","16:41:49","16:47:15","Fries","Food"
"1021","38279886","17:06:39","17:09:45","Fries","Food"
"1022","38281656","17:26:16","17:32:43","Fries","Food"
"1023","38284712","17:59:30","18:02:36","Fries","Food"
"1024","38284962","18:02:02","18:04:47","Fries","Food"
"1025","38286197","18:14:31","18:22:26","Fries","Food"
"1026","38287077","18:23:38","18:29:39","Fries","Food"
"1027","38288345","18:35:37","18:42:02","Fries","Food"
"1028","38290742","18:58:35","19:05:41","Fries","Food"
"1029","38295926","19:47:56","19:51:17","Fries","Food"
"1030","38299497","20:21:06","20:22:51","Fries","Food"
"1031","38300990","20:34:59","20:36:13","Fries","Food"
"1032","38303195","20:57:35","21:07:05","Fries","Food"
"1033","38305337","21:17:09","21:20:50","Fries","Food"
"1034","38308235","21:43:00","21:44:31","Fries","Food"
"1035","38310264","22:03:48","22:05:15","Fries","Food"
"1036","38310585","22:07:03","22:12:20","Fries","Food"
"1037","38283228","20:02:14","20:12:52","Hot Box Sliders","Food"
"1038","38297228","20:02:14","20:12:52","Hot Box Sliders","Food"
"1039","38298805","20:17:22","20:26:34","Hot Box Sliders","Food"
"1040","38281574","17:25:21","17:34:56","Hot Box Tenders","Food"
"1041","38298805","20:17:22","20:26:34","Hot Box Tenders","Food"
"1042","38313539","22:40:51","22:55:30","Hot Box Tenders","Food"
"1043","38253024","10:51:39","10:58:03","Kale Slaw","Food"
"1044","38256671","12:41:27","12:45:23","Kale Slaw","Food"
"1045","38270641","15:28:46","15:37:31","Kale Slaw","Food"
"1046","38276122","16:24:56","16:35:16","Kale Slaw","Food"
"1047","38276872","16:33:17","16:37:11","Kale Slaw","Food"
"1048","38276954","16:34:09","16:38:22","Kale Slaw","Food"
"1049","38278648","16:53:45","17:01:08","Kale Slaw","Food"
"1050","38279886","17:06:39","17:09:45","Kale Slaw","Food"
"1051","38283674","17:51:14","17:56:57","Kale Slaw","Food"
"1052","38286691","18:20:59","18:26:21","Kale Slaw","Food"
"1053","38290588","18:57:13","19:02:53","Kale Slaw","Food"
"1054","38290976","19:00:57","19:06:28","Kale Slaw","Food"
"1055","38292723","19:17:44","19:19:18","Kale Slaw","Food"
"1056","38297228","20:02:14","20:12:52","Kale Slaw","Food"
"1057","38253026","10:52:55","10:52:59","M&M TLS","Shake"
"1058","38271120","15:35:57","15:38:46","M&M TLS","Shake"
"1059","38273191","15:56:36","16:06:09","M&M TLS","Shake"
"1060","38277081","16:35:23","16:40:15","M&M TLS","Shake"
"1061","38282801","17:38:48","17:45:06","M&M TLS","Shake"
"1062","38287076","18:24:48","18:30:58","M&M TLS","Shake"
"1063","38287108","18:23:56","18:25:54","M&M TLS","Shake"
"1064","38287620","18:29:51","18:36:18","M&M TLS","Shake"
"1065","38290342","18:57:30","19:02:29","M&M TLS","Shake"
"1066","38290976","19:00:57","19:06:28","M&M TLS","Shake"
"1067","38294172","19:34:36","19:36:48","M&M TLS","Shake"
"1068","38294763","19:39:36","19:41:57","M&M TLS","Shake"
"1069","38296365","19:52:53","19:53:35","M&M TLS","Shake"
"1070","38252917","23:27:36","23:33:33","Mac and Cheese","Food"
"1071","38252925","10:35:06","10:37:30","Mac and Cheese","Food"
"1072","38253024","10:51:39","10:58:03","Mac and Cheese","Food"
"1073","38253024","10:51:39","10:58:03","Mac and Cheese","Food"
"1074","38253924","11:39:34","11:45:24","Mac and Cheese","Food"
"1075","38254166","11:47:02","11:50:39","Mac and Cheese","Food"
"1076","38255290","12:14:07","12:17:12","Mac and Cheese","Food"
"1077","38255465","12:28:02","12:29:38","Mac and Cheese","Food"
"1078","38256207","12:33:21","12:35:07","Mac and Cheese","Food"
"1079","38257495","12:57:48","13:02:18","Mac and Cheese","Food"
"1080","38257495","12:57:48","13:02:18","Mac and Cheese","Food"
"1081","38257718","13:01:19","13:07:12","Mac and Cheese","Food"
"1082","38257851","13:02:56","13:04:48","Mac and Cheese","Food"
"1083","38258868","13:18:31","13:22:13","Mac and Cheese","Food"
"1084","38259697","13:28:53","13:33:03","Mac and Cheese","Food"
"1085","38261118","13:46:38","13:57:32","Mac and Cheese","Food"
"1086","38263225","14:12:09","14:13:30","Mac and Cheese","Food"
"1087","38264561","14:12:09","14:13:30","Mac and Cheese","Food"
"1088","38264787","14:29:15","14:31:23","Mac and Cheese","Food"
"1089","38264975","14:31:48","14:35:12","Mac and Cheese","Food"
"1090","38264975","14:31:48","14:35:12","Mac and Cheese","Food"
"1091","38267285","14:55:38","14:58:21","Mac and Cheese","Food"
"1092","38268846","15:15:11","15:17:15","Mac and Cheese","Food"
"1093","38269720","15:23:18","15:29:01","Mac and Cheese","Food"
"1094","38271132","15:34:00","15:39:41","Mac and Cheese","Food"
"1095","38273085","15:53:27","15:59:09","Mac and Cheese","Food"
"1096","38273120","15:53:48","16:08:48","Mac and Cheese","Food"
"1097","38273536","15:57:43","16:05:45","Mac and Cheese","Food"
"1098","38274812","16:11:08","16:19:27","Mac and Cheese","Food"
"1099","38276122","16:24:56","16:35:16","Mac and Cheese","Food"
"1100","38276872","16:33:17","16:37:11","Mac and Cheese","Food"
"1101","38277473","16:40:05","16:44:39","Mac and Cheese","Food"
"1102","38280324","17:14:52","17:18:35","Mac and Cheese","Food"
"1103","38280755","17:16:32","17:21:07","Mac and Cheese","Food"
"1104","38281709","17:27:49","17:39:52","Mac and Cheese","Food"
"1105","38282021","17:31:08","17:41:53","Mac and Cheese","Food"
"1106","38282107","17:31:44","17:42:33","Mac and Cheese","Food"
"1107","38282118","17:31:20","17:39:26","Mac and Cheese","Food"
"1108","38282152","17:32:55","17:40:23","Mac and Cheese","Food"
"1109","38282270","17:35:29","17:42:50","Mac and Cheese","Food"
"1110","38282270","17:35:29","17:42:50","Mac and Cheese","Food"
"1111","38282545","17:35:58","17:44:14","Mac and Cheese","Food"
"1112","38283674","17:51:14","17:56:57","Mac and Cheese","Food"
"1113","38284523","17:57:20","18:00:46","Mac and Cheese","Food"
"1114","38284690","18:00:48","18:03:42","Mac and Cheese","Food"
"1115","38284840","18:02:17","18:05:39","Mac and Cheese","Food"
"1116","38285166","18:05:48","18:09:33","Mac and Cheese","Food"
"1117","38285166","18:05:48","18:09:33","Mac and Cheese","Food"
"1118","38285376","18:07:10","18:11:14","Mac and Cheese","Food"
"1119","38285408","18:06:10","18:10:06","Mac and Cheese","Food"
"1120","38286691","18:20:59","18:26:21","Mac and Cheese","Food"
"1121","38288141","18:35:11","18:39:56","Mac and Cheese","Food"
"1122","38290056","18:54:48","19:01:38","Mac and Cheese","Food"
"1123","38290342","18:57:30","19:02:29","Mac and Cheese","Food"
"1124","38290588","18:57:13","19:02:53","Mac and Cheese","Food"
"1125","38294763","19:39:36","19:41:57","Mac and Cheese","Food"
"1126","38296501","19:53:12","19:54:43","Mac and Cheese","Food"
"1127","38297034","19:58:02","20:01:01","Mac and Cheese","Food"
"1128","38299616","20:22:17","20:24:06","Mac and Cheese","Food"
"1129","38303265","20:56:13","20:59:17","Mac and Cheese","Food"
"1130","38305550","21:18:44","21:21:45","Mac and Cheese","Food"
"1131","38305712","21:20:05","21:22:59","Mac and Cheese","Food"
"1132","38305873","21:21:37","21:23:24","Mac and Cheese","Food"
"1133","38306722","21:28:15","21:30:55","Mac and Cheese","Food"
"1134","38307509","21:35:35","21:40:38","Mac and Cheese","Food"
"1135","38309324","21:55:34","21:58:37","Mac and Cheese","Food"
"1136","38310149","22:02:39","22:04:46","Mac and Cheese","Food"
"1137","38310523","22:06:24","22:13:28","Mac and Cheese","Food"
"1138","38310585","22:07:03","22:12:20","Mac and Cheese","Food"
"1139","38311726","22:20:20","22:34:58","Mac and Cheese","Food"
"1140","38312146","22:23:39","22:43:34","Mac and Cheese","Food"
"1141","38313397","22:37:30","22:55:23","Mac and Cheese","Food"
"1142","38252938","10:34:48","10:36:17","OLO Side Dave’s Sauce","Sauce"
"1143","38252966","10:39:05","10:40:40","OLO Side Dave’s Sauce","Sauce"
"1144","38252998","10:45:09","10:48:38","OLO Side Dave’s Sauce","Sauce"
"1145","38253211","11:06:20","11:10:36","OLO Side Dave’s Sauce","Sauce"
"1146","38253647","11:27:32","11:28:57","OLO Side Dave’s Sauce","Sauce"
"1147","38254114","11:45:18","11:50:04","OLO Side Dave’s Sauce","Sauce"
"1148","38254419","11:54:38","11:57:04","OLO Side Dave’s Sauce","Sauce"
"1149","38255718","12:22:38","12:26:01","OLO Side Dave’s Sauce","Sauce"
"1150","38257383","12:54:10","12:57:11","OLO Side Dave’s Sauce","Sauce"
"1151","38258222","13:07:51","13:09:44","OLO Side Dave’s Sauce","Sauce"
"1152","38259632","13:27:11","13:29:49","OLO Side Dave’s Sauce","Sauce"
"1153","38264211","14:22:29","14:27:25","OLO Side Dave’s Sauce","Sauce"
"1154","38267924","15:02:10","15:12:01","OLO Side Dave’s Sauce","Sauce"
"1155","38268014","15:03:06","15:14:31","OLO Side Dave’s Sauce","Sauce"
"1156","38271207","15:34:48","15:41:53","OLO Side Dave’s Sauce","Sauce"
"1157","38271449","15:37:25","15:45:52","OLO Side Dave’s Sauce","Sauce"
"1158","38272093","15:43:28","15:45:50","OLO Side Dave’s Sauce","Sauce"
"1159","38272474","15:47:06","15:49:32","OLO Side Dave’s Sauce","Sauce"
"1160","38273085","15:53:27","15:59:09","OLO Side Dave’s Sauce","Sauce"
"1161","38273120","15:53:48","16:08:48","OLO Side Dave’s Sauce","Sauce"
"1162","38275816","16:21:24","16:29:10","OLO Side Dave’s Sauce","Sauce"
"1163","38276122","16:24:56","16:35:16","OLO Side Dave’s Sauce","Sauce"
"1164","38277081","16:35:23","16:40:15","OLO Side Dave’s Sauce","Sauce"
"1165","38278648","16:53:45","17:01:08","OLO Side Dave’s Sauce","Sauce"
"1166","38279886","17:06:39","17:09:45","OLO Side Dave’s Sauce","Sauce"
"1167","38280070","17:08:50","17:13:17","OLO Side Dave’s Sauce","Sauce"
"1168","38280262","17:11:06","17:13:48","OLO Side Dave’s Sauce","Sauce"
"1169","38280755","17:16:32","17:21:07","OLO Side Dave’s Sauce","Sauce"
"1170","38280863","17:17:38","17:22:40","OLO Side Dave’s Sauce","Sauce"
"1171","38281574","17:25:21","17:34:56","OLO Side Dave’s Sauce","Sauce"
"1172","38284126","17:52:55","17:59:06","OLO Side Dave’s Sauce","Sauce"
"1173","38284962","18:02:02","18:04:47","OLO Side Dave’s Sauce","Sauce"
"1174","38285408","18:06:10","18:10:06","OLO Side Dave’s Sauce","Sauce"
"1175","38285797","18:10:23","18:20:00","OLO Side Dave’s Sauce","Sauce"
"1176","38287077","18:23:38","18:29:39","OLO Side Dave’s Sauce","Sauce"
"1177","38290742","18:58:35","19:05:41","OLO Side Dave’s Sauce","Sauce"
"1178","38290771","18:58:57","19:10:26","OLO Side Dave’s Sauce","Sauce"
"1179","38291536","19:06:00","19:08:09","OLO Side Dave’s Sauce","Sauce"
"1180","38295156","19:40:34","19:42:38","OLO Side Dave’s Sauce","Sauce"
"1181","38295648","19:45:20","19:47:39","OLO Side Dave’s Sauce","Sauce"
"1182","38296650","19:54:36","19:59:39","OLO Side Dave’s Sauce","Sauce"
"1183","38297188","19:59:31","20:03:20","OLO Side Dave’s Sauce","Sauce"
"1184","38299205","20:18:14","20:21:03","OLO Side Dave’s Sauce","Sauce"
"1185","38303265","20:56:13","20:59:17","OLO Side Dave’s Sauce","Sauce"
"1186","38304530","21:07:59","21:12:23","OLO Side Dave’s Sauce","Sauce"
"1187","38307904","21:39:37","21:42:07","OLO Side Dave’s Sauce","Sauce"
"1188","38309965","22:00:54","22:02:31","OLO Side Dave’s Sauce","Sauce"
"1189","38311585","22:17:58","22:27:31","OLO Side Dave’s Sauce","Sauce"
"1190","38312146","22:23:39","22:43:34","OLO Side Dave’s Sauce","Sauce"
"1191","38312907","22:31:29","22:44:07","OLO Side Dave’s Sauce","Sauce"
"1192","38313303","22:36:22","22:47:03","OLO Side Dave’s Sauce","Sauce"
"1193","38253857","11:35:39","11:41:05","Oreo TLS","Beverage"
"1194","38253982","11:42:52","11:46:48","Oreo TLS","Beverage"
"1195","38256099","12:30:34","12:32:22","Oreo TLS","Beverage"
"1196","38257495","12:57:48","13:02:18","Oreo TLS","Beverage"
"1197","38264914","14:31:03","14:32:54","Oreo TLS","Beverage"
"1198","38267148","14:53:15","14:57:22","Oreo TLS","Beverage"
"1199","38267803","15:02:23","15:05:36","Oreo TLS","Beverage"
"1200","38269720","15:23:18","15:29:01","Oreo TLS","Beverage"
"1201","38270312","15:27:05","15:32:52","Oreo TLS","Beverage"
"1202","38276362","16:27:39","16:36:51","Oreo TLS","Beverage"
"1203","38280863","17:17:38","17:22:40","Oreo TLS","Beverage"
"1204","38281362","17:23:17","17:26:24","Oreo TLS","Beverage"
"1205","38283674","17:51:14","17:56:57","Oreo TLS","Beverage"
"1206","38283744","17:51:28","17:58:40","Oreo TLS","Beverage"
"1207","38284712","17:59:30","18:02:36","Oreo TLS","Beverage"
"1208","38286913","18:23:32","18:29:59","Oreo TLS","Beverage"
"1209","38290269","18:54:10","18:59:57","Oreo TLS","Beverage"
"1210","38293685","19:26:42","19:28:58","Oreo TLS","Beverage"
"1211","38293952","19:30:03","19:34:41","Oreo TLS","Beverage"
"1212","38294299","19:32:24","19:36:04","Oreo TLS","Beverage"
"1213","38298314","20:11:56","20:19:14","Oreo TLS","Beverage"
"1214","38299497","20:21:06","20:22:51","Oreo TLS","Beverage"
"1215","38301675","20:40:57","20:43:24","Oreo TLS","Beverage"
"1216","38302448","20:48:36","20:50:38","Oreo TLS","Beverage"
"1217","38303441","20:57:49","21:00:11","Oreo TLS","Beverage"
"1218","38303674","21:01:01","21:08:21","Oreo TLS","Beverage"
"1219","38305337","21:17:09","21:20:50","Oreo TLS","Beverage"
"1220","38306111","21:23:22","21:25:42","Oreo TLS","Beverage"
"1221","38310969","22:12:23","22:18:02","Oreo TLS","Beverage"
"1222","38311035","22:11:40","22:14:13","Oreo TLS","Beverage"
"1223","38311727","22:19:18","22:29:47","Oreo TLS","Beverage"
"1224","38313303","22:36:22","22:47:03","Oreo TLS","Beverage"
"1225","38313397","22:37:30","22:55:23","Oreo TLS","Beverage"
"1226","38313406","22:37:36","22:50:56","Oreo TLS","Beverage"
"1227","38283228","20:45:50","20:53:06","Oreo Topper Side","Beverage"
"1228","38302152","20:45:50","20:53:06","Oreo Topper Side","Beverage"
"1229","38273223","15:56:32","16:02:26","Potato Roll","Food"
"1230","38273223","15:56:32","16:02:26","Potato Roll","Food"
"1231","38256212","12:04:30","12:04:30","Reaper Waiver","Other"
"1232","38265125","14:31:48","14:31:48","Reaper Waiver","Other"
"1233","38283228","15:02:23","15:02:23","Reaper Waiver","Other"
"1234","38294172","15:58:43","15:58:43","Reaper Waiver","Other"
"1235","38295571","19:41:49","19:41:49","Reaper Waiver","Other"
"1236","38304620","20:11:56","20:11:56","Reaper Waiver","Other"
"1237","38252917","23:27:36","23:33:33","Regular Soft Drink","Beverage"
"1238","38252920","10:32:52","10:34:01","Regular Soft Drink","Beverage"
"1239","38252963","10:40:17","10:45:02","Regular Soft Drink","Beverage"
"1240","38252998","10:45:09","10:48:19","Regular Soft Drink","Beverage"
"1241","38253185","11:06:21","11:11:06","Regular Soft Drink","Beverage"
"1242","38253422","11:21:05","11:24:29","Regular Soft Drink","Beverage"
"1243","38253500","11:23:43","11:26:10","Regular Soft Drink","Beverage"
"1244","38253528","11:24:18","11:29:09","Regular Soft Drink","Beverage"
"1245","38253702","11:31:54","11:34:47","Regular Soft Drink","Beverage"
"1246","38253781","11:34:01","11:39:08","Regular Soft Drink","Beverage"
"1247","38253925","11:39:40","11:44:23","Regular Soft Drink","Beverage"
"1248","38254400","12:04:26","12:13:08","Regular Soft Drink","Beverage"
"1249","38254434","11:55:07","11:59:15","Regular Soft Drink","Beverage"
"1250","38254640","12:04:30","12:05:25","Regular Soft Drink","Beverage"
"1251","38254745","12:06:48","12:13:09","Regular Soft Drink","Beverage"
"1252","38254898","12:11:08","12:16:05","Regular Soft Drink","Beverage"
"1253","38255085","12:11:38","12:13:59","Regular Soft Drink","Beverage"
"1254","38255147","12:16:32","12:21:00","Regular Soft Drink","Beverage"
"1255","38255248","12:16:18","12:18:59","Regular Soft Drink","Beverage"
"1256","38255248","12:16:18","12:18:59","Regular Soft Drink","Beverage"
"1257","38255405","12:17:56","12:21:54","Regular Soft Drink","Beverage"
"1258","38255465","12:28:02","12:29:38","Regular Soft Drink","Beverage"
"1259","38255969","12:32:27","12:35:39","Regular Soft Drink","Beverage"
"1260","38255969","12:32:27","12:35:39","Regular Soft Drink","Beverage"
"1261","38256057","12:31:24","12:33:45","Regular Soft Drink","Beverage"
"1262","38256489","12:38:39","12:43:51","Regular Soft Drink","Beverage"
"1263","38256552","12:48:42","12:52:05","Regular Soft Drink","Beverage"
"1264","38256862","12:45:11","12:48:47","Regular Soft Drink","Beverage"
"1265","38256894","12:46:55","12:50:44","Regular Soft Drink","Beverage"
"1266","38256894","12:46:55","12:50:44","Regular Soft Drink","Beverage"
"1267","38256962","12:50:20","12:53:06","Regular Soft Drink","Beverage"
"1268","38256962","12:50:20","12:53:06","Regular Soft Drink","Beverage"
"1269","38256962","12:50:20","12:53:06","Regular Soft Drink","Beverage"
"1270","38257414","12:56:01","13:01:45","Regular Soft Drink","Beverage"
"1271","38257910","13:04:08","13:07:39","Regular Soft Drink","Beverage"
"1272","38258868","13:18:31","13:22:13","Regular Soft Drink","Beverage"
"1273","38259029","13:19:26","13:20:24","Regular Soft Drink","Beverage"
"1274","38259286","13:24:40","13:28:42","Regular Soft Drink","Beverage"
"1275","38259771","13:29:52","13:33:45","Regular Soft Drink","Beverage"
"1276","38260804","13:43:11","13:46:52","Regular Soft Drink","Beverage"
"1277","38261496","13:53:51","13:59:47","Regular Soft Drink","Beverage"
"1278","38261757","13:55:54","14:01:31","Regular Soft Drink","Beverage"
"1279","38261813","13:58:54","14:01:29","Regular Soft Drink","Beverage"
"1280","38261813","13:58:54","14:01:29","Regular Soft Drink","Beverage"
"1281","38262034","14:00:21","14:03:10","Regular Soft Drink","Beverage"
"1282","38262765","14:07:56","14:09:39","Regular Soft Drink","Beverage"
"1283","38264298","14:24:43","14:31:49","Regular Soft Drink","Beverage"
"1284","38264902","14:30:23","14:32:33","Regular Soft Drink","Beverage"
"1285","38264975","14:31:48","14:35:12","Regular Soft Drink","Beverage"
"1286","38264975","14:31:48","14:35:12","Regular Soft Drink","Beverage"
"1287","38267138","14:54:51","14:58:17","Regular Soft Drink","Beverage"
"1288","38267298","14:56:17","15:03:24","Regular Soft Drink","Beverage"
"1289","38267298","14:56:17","15:03:24","Regular Soft Drink","Beverage"
"1290","38267401","14:58:34","15:04:13","Regular Soft Drink","Beverage"
"1291","38267401","14:58:34","15:04:13","Regular Soft Drink","Beverage"
"1292","38267803","15:02:23","15:05:36","Regular Soft Drink","Beverage"
"1293","38268846","15:15:11","15:17:15","Regular Soft Drink","Beverage"
"1294","38270100","15:24:47","15:30:16","Regular Soft Drink","Beverage"
"1295","38271120","15:35:57","15:38:46","Regular Soft Drink","Beverage"
"1296","38272145","15:46:38","15:48:55","Regular Soft Drink","Beverage"
"1297","38272317","15:46:38","15:48:32","Regular Soft Drink","Beverage"
"1298","38272661","15:50:35","15:54:51","Regular Soft Drink","Beverage"
"1299","38272661","15:50:35","15:54:51","Regular Soft Drink","Beverage"
"1300","38273399","15:58:43","16:10:55","Regular Soft Drink","Beverage"
"1301","38273399","15:58:43","16:10:55","Regular Soft Drink","Beverage"
"1302","38276045","16:25:03","16:35:40","Regular Soft Drink","Beverage"
"1303","38276379","16:28:13","16:29:19","Regular Soft Drink","Beverage"
"1304","38278056","16:46:15","16:48:25","Regular Soft Drink","Beverage"
"1305","38278241","16:50:22","16:56:24","Regular Soft Drink","Beverage"
"1306","38278241","16:50:22","16:56:24","Regular Soft Drink","Beverage"
"1307","38280324","17:14:52","17:18:35","Regular Soft Drink","Beverage"
"1308","38280324","17:14:52","17:18:35","Regular Soft Drink","Beverage"
"1309","38280324","17:14:52","17:18:35","Regular Soft Drink","Beverage"
"1310","38280324","17:14:52","17:18:35","Regular Soft Drink","Beverage"
"1311","38280609","17:15:57","17:20:01","Regular Soft Drink","Beverage"
"1312","38280609","17:15:57","17:20:01","Regular Soft Drink","Beverage"
"1313","38280701","17:16:42","17:20:23","Regular Soft Drink","Beverage"
"1314","38281709","17:27:49","17:39:52","Regular Soft Drink","Beverage"
"1315","38281709","17:27:49","17:39:52","Regular Soft Drink","Beverage"
"1316","38281945","17:30:11","17:38:58","Regular Soft Drink","Beverage"
"1317","38282021","17:31:08","17:41:53","Regular Soft Drink","Beverage"
"1318","38282107","17:31:44","17:42:33","Regular Soft Drink","Beverage"
"1319","38282270","17:35:29","17:42:50","Regular Soft Drink","Beverage"
"1320","38282270","17:35:29","17:42:50","Regular Soft Drink","Beverage"
"1321","38282506","17:40:00","17:43:31","Regular Soft Drink","Beverage"
"1322","38282506","17:40:00","17:43:31","Regular Soft Drink","Beverage"
"1323","38283155","17:42:57","17:44:53","Regular Soft Drink","Beverage"
"1324","38283216","17:43:55","17:45:41","Regular Soft Drink","Beverage"
"1325","38283304","17:45:06","17:47:39","Regular Soft Drink","Beverage"
"1326","38283960","17:54:17","17:59:49","Regular Soft Drink","Beverage"
"1327","38285166","18:05:48","18:09:33","Regular Soft Drink","Beverage"
"1328","38285166","18:05:48","18:09:33","Regular Soft Drink","Beverage"
"1329","38285508","18:09:02","18:12:20","Regular Soft Drink","Beverage"
"1330","38285812","18:12:42","18:22:56","Regular Soft Drink","Beverage"
"1331","38285812","18:12:42","18:22:56","Regular Soft Drink","Beverage"
"1332","38287448","18:27:59","18:33:17","Regular Soft Drink","Beverage"
"1333","38287540","18:28:44","18:33:57","Regular Soft Drink","Beverage"
"1334","38287620","18:29:51","18:36:18","Regular Soft Drink","Beverage"
"1335","38287828","18:32:25","18:37:52","Regular Soft Drink","Beverage"
"1336","38288466","18:37:48","18:44:05","Regular Soft Drink","Beverage"
"1337","38290056","18:54:48","19:01:38","Regular Soft Drink","Beverage"
"1338","38290342","18:57:30","19:02:29","Regular Soft Drink","Beverage"
"1339","38290342","18:57:30","19:02:29","Regular Soft Drink","Beverage"
"1340","38290379","18:55:09","18:59:00","Regular Soft Drink","Beverage"
"1341","38292614","19:18:00","19:20:48","Regular Soft Drink","Beverage"
"1342","38293334","19:25:46","19:29:32","Regular Soft Drink","Beverage"
"1343","38293334","19:25:46","19:29:32","Regular Soft Drink","Beverage"
"1344","38294050","19:31:17","19:35:44","Regular Soft Drink","Beverage"
"1345","38294763","19:39:36","19:41:57","Regular Soft Drink","Beverage"
"1346","38295202","19:41:49","19:44:17","Regular Soft Drink","Beverage"
"1347","38295202","19:41:49","19:44:17","Regular Soft Drink","Beverage"
"1348","38295571","19:45:33","19:48:16","Regular Soft Drink","Beverage"
"1349","38295571","19:45:33","19:48:16","Regular Soft Drink","Beverage"
"1350","38295571","19:45:33","19:48:16","Regular Soft Drink","Beverage"
"1351","38298238","20:10:10","20:12:14","Regular Soft Drink","Beverage"
"1352","38298314","20:11:56","20:19:14","Regular Soft Drink","Beverage"
"1353","38298503","20:12:51","20:19:39","Regular Soft Drink","Beverage"
"1354","38299118","20:19:00","20:27:11","Regular Soft Drink","Beverage"
"1355","38299118","20:19:00","20:27:11","Regular Soft Drink","Beverage"
"1356","38299418","20:21:12","20:27:49","Regular Soft Drink","Beverage"
"1357","38300287","20:29:31","20:33:25","Regular Soft Drink","Beverage"
"1358","38300506","20:31:04","20:35:16","Regular Soft Drink","Beverage"
"1359","38302233","20:48:13","20:51:18","Regular Soft Drink","Beverage"
"1360","38302249","20:47:47","20:49:48","Regular Soft Drink","Beverage"
"1361","38302494","20:49:09","20:51:35","Regular Soft Drink","Beverage"
"1362","38302494","20:49:09","20:51:35","Regular Soft Drink","Beverage"
"1363","38303195","20:57:35","21:07:05","Regular Soft Drink","Beverage"
"1364","38304292","21:07:57","21:11:39","Regular Soft Drink","Beverage"
"1365","38304292","21:07:57","21:11:39","Regular Soft Drink","Beverage"
"1366","38304532","21:08:50","21:13:07","Regular Soft Drink","Beverage"
"1367","38304532","21:08:50","21:13:07","Regular Soft Drink","Beverage"
"1368","38306892","21:29:47","21:32:49","Regular Soft Drink","Beverage"
"1369","38309801","22:00:22","22:03:08","Regular Soft Drink","Beverage"
"1370","38309913","22:02:00","22:03:36","Regular Soft Drink","Beverage"
"1371","38310722","22:09:08","22:15:16","Regular Soft Drink","Beverage"
"1372","38310785","22:09:56","22:16:05","Regular Soft Drink","Beverage"
"1373","38313539","22:40:51","22:55:30","Regular Soft Drink","Beverage"
"1374","38313539","22:40:51","22:55:30","Regular Soft Drink","Beverage"
"1375","38252964","10:40:25","10:45:43","Side Cheese Sauce","Sauce"
"1376","38253245","11:09:03","11:12:08","Side Cheese Sauce","Sauce"
"1377","38253437","11:22:43","11:25:14","Side Cheese Sauce","Sauce"
"1378","38253437","11:22:43","11:25:14","Side Cheese Sauce","Sauce"
"1379","38253500","11:23:43","11:26:10","Side Cheese Sauce","Sauce"
"1380","38253950","11:40:54","11:46:20","Side Cheese Sauce","Sauce"
"1381","38254898","12:11:08","12:16:05","Side Cheese Sauce","Sauce"
"1382","38255022","12:10:03","12:11:58","Side Cheese Sauce","Sauce"
"1383","38256357","12:36:07","12:38:11","Side Cheese Sauce","Sauce"
"1384","38256552","12:48:42","12:52:05","Side Cheese Sauce","Sauce"
"1385","38256552","12:48:42","12:52:05","Side Cheese Sauce","Sauce"
"1386","38257414","12:56:01","13:01:45","Side Cheese Sauce","Sauce"
"1387","38259008","13:19:49","13:23:10","Side Cheese Sauce","Sauce"
"1388","38263176","14:13:39","14:16:16","Side Cheese Sauce","Sauce"
"1389","38263374","14:14:41","14:16:57","Side Cheese Sauce","Sauce"
"1390","38291776","19:09:37","19:11:40","Side Cheese Sauce","Sauce"
"1391","38295069","19:41:00","19:43:40","Side Cheese Sauce","Sauce"
"1392","38295069","19:41:00","19:43:40","Side Cheese Sauce","Sauce"
"1393","38298314","20:11:56","20:19:14","Side Cheese Sauce","Sauce"
"1394","38299937","20:28:23","20:31:13","Side Cheese Sauce","Sauce"
"1395","38253685","11:29:50","11:31:49","Single Slider","Food"
"1396","38253685","11:29:50","11:31:49","Single Slider","Food"
"1397","38253982","11:42:52","11:46:48","Single Slider","Food"
"1398","38255290","12:14:07","12:17:12","Single Slider","Food"
"1399","38255290","12:14:07","12:17:12","Single Slider","Food"
"1400","38255312","12:14:33","12:20:13","Single Slider","Food"
"1401","38257648","12:59:26","13:06:40","Single Slider","Food"
"1402","38258471","13:14:23","13:15:04","Single Slider","Food"
"1403","38261651","13:53:46","13:59:14","Single Slider","Food"
"1404","38265125","13:53:46","13:59:14","Single Slider","Food"
"1405","38265125","13:53:46","13:59:14","Single Slider","Food"
"1406","38265125","13:53:46","13:59:14","Single Slider","Food"
"1407","38267042","14:52:17","14:53:38","Single Slider","Food"
"1408","38268014","15:03:06","15:14:31","Single Slider","Food"
"1409","38268407","15:08:51","15:13:24","Single Slider","Food"
"1410","38270727","15:29:39","15:38:09","Single Slider","Food"
"1411","38271851","15:41:19","15:45:33","Single Slider","Food"
"1412","38273438","15:56:55","16:03:21","Single Slider","Food"
"1413","38273536","15:57:43","16:05:45","Single Slider","Food"
"1414","38277640","16:41:49","16:47:15","Single Slider","Food"
"1415","38278648","16:53:45","17:01:08","Single Slider","Food"
"1416","38285376","18:07:10","18:11:14","Single Slider","Food"
"1417","38285953","18:11:55","18:16:02","Single Slider","Food"
"1418","38286021","18:13:57","18:19:28","Single Slider","Food"
"1419","38286021","18:13:57","18:19:28","Single Slider","Food"
"1420","38286021","18:13:57","18:19:28","Single Slider","Food"
"1421","38286021","18:13:57","18:19:28","Single Slider","Food"
"1422","38286021","18:13:57","18:19:28","Single Slider","Food"
"1423","38287828","18:32:25","18:37:52","Single Slider","Food"
"1424","38288141","18:35:11","18:39:56","Single Slider","Food"
"1425","38290056","18:54:48","19:01:38","Single Slider","Food"
"1426","38290056","18:54:48","19:01:38","Single Slider","Food"
"1427","38290056","18:54:48","19:01:38","Single Slider","Food"
"1428","38292685","19:17:19","19:22:02","Single Slider","Food"
"1429","38292922","19:21:31","19:24:22","Single Slider","Food"
"1430","38293706","19:28:05","19:34:14","Single Slider","Food"
"1431","38298255","20:09:40","20:13:53","Single Slider","Food"
"1432","38298255","20:09:40","20:13:53","Single Slider","Food"
"1433","38300287","20:29:31","20:33:25","Single Slider","Food"
"1434","38303441","20:57:49","21:00:11","Single Slider","Food"
"1435","38305032","21:15:12","21:18:07","Single Slider","Food"
"1436","38308475","21:45:18","21:48:05","Single Slider","Food"
"1437","38308940","21:50:19","21:53:17","Single Slider","Food"
"1438","38309324","21:55:34","21:58:37","Single Slider","Food"
"1439","38309324","21:55:34","21:58:37","Single Slider","Food"
"1440","38311258","22:14:13","22:19:11","Single Slider","Food"
"1441","38312275","22:25:42","22:44:14","Single Slider","Food"
"1442","38313303","22:36:22","22:47:03","Single Slider","Food"
"1443","38253024","10:51:39","10:58:03","Single Tender","Food"
"1444","38253185","11:06:21","11:11:06","Single Tender","Food"
"1445","38253681","11:28:53","11:35:03","Single Tender","Food"
"1446","38253765","11:32:30","11:34:31","Single Tender","Food"
"1447","38253783","11:34:02","11:42:10","Single Tender","Food"
"1448","38255085","12:11:38","12:13:59","Single Tender","Food"
"1449","38255969","12:32:27","12:35:39","Single Tender","Food"
"1450","38257992","13:05:30","13:07:29","Single Tender","Food"
"1451","38259364","13:23:32","13:27:24","Single Tender","Food"
"1452","38261314","13:51:44","13:58:39","Single Tender","Food"
"1453","38263097","14:11:35","14:12:57","Single Tender","Food"
"1454","38263486","14:16:25","14:19:08","Single Tender","Food"
"1455","38265125","14:40:01","14:41:41","Single Tender","Food"
"1456","38267298","14:56:17","15:03:24","Single Tender","Food"
"1457","38267551","15:01:40","15:04:51","Single Tender","Food"
"1458","38274812","16:11:08","16:19:27","Single Tender","Food"
"1459","38275186","16:15:03","16:19:14","Single Tender","Food"
"1460","38276954","16:34:09","16:38:22","Single Tender","Food"
"1461","38277613","16:41:33","16:48:40","Single Tender","Food"
"1462","38280403","17:12:51","17:16:08","Single Tender","Food"
"1463","38280755","17:16:32","17:21:07","Single Tender","Food"
"1464","38280908","17:21:02","17:23:56","Single Tender","Food"
"1465","38281889","17:29:22","17:38:31","Single Tender","Food"
"1466","38285136","18:03:33","18:05:21","Single Tender","Food"
"1467","38285675","18:10:30","18:21:13","Single Tender","Food"
"1468","38285797","18:10:23","18:20:01","Single Tender","Food"
"1469","38285797","18:10:23","18:20:01","Single Tender","Food"
"1470","38286197","18:14:31","18:22:26","Single Tender","Food"
"1471","38286253","18:15:09","18:25:16","Single Tender","Food"
"1472","38286253","18:15:09","18:25:16","Single Tender","Food"
"1473","38288973","18:41:58","18:47:20","Single Tender","Food"
"1474","38294172","19:34:36","19:36:48","Single Tender","Food"
"1475","38295281","19:44:36","19:46:43","Single Tender","Food"
"1476","38296629","19:56:30","20:00:08","Single Tender","Food"
"1477","38296629","19:56:30","20:00:08","Single Tender","Food"
"1478","38299755","20:25:21","20:28:46","Single Tender","Food"
"1479","38299937","20:28:23","20:31:13","Single Tender","Food"
"1480","38299978","20:25:42","20:30:20","Single Tender","Food"
"1481","38303055","20:54:05","20:57:57","Single Tender","Food"
"1482","38303265","20:56:13","20:59:17","Single Tender","Food"
"1483","38303858","21:02:22","21:08:56","Single Tender","Food"
"1484","38304620","21:09:55","21:15:35","Single Tender","Food"
"1485","38305550","21:18:44","21:21:45","Single Tender","Food"
"1486","38310870","22:10:07","22:16:29","Single Tender","Food"
"1487","38252939","10:36:43","10:38:46","Small Soft Drink","Beverage"
"1488","38252939","10:36:43","10:38:46","Small Soft Drink","Beverage"
"1489","38252976","10:45:13","10:48:57","Small Soft Drink","Beverage"
"1490","38253250","11:10:29","11:12:47","Small Soft Drink","Beverage"
"1491","38253563","11:25:58","11:29:29","Small Soft Drink","Beverage"
"1492","38253783","11:34:02","11:42:10","Small Soft Drink","Beverage"
"1493","38253783","11:34:02","11:42:10","Small Soft Drink","Beverage"
"1494","38253861","11:38:29","11:43:20","Small Soft Drink","Beverage"
"1495","38253924","11:39:34","11:45:24","Small Soft Drink","Beverage"
"1496","38254033","11:53:41","11:57:02","Small Soft Drink","Beverage"
"1497","38254033","11:53:41","11:57:02","Small Soft Drink","Beverage"
"1498","38254590","12:01:52","12:03:27","Small Soft Drink","Beverage"
"1499","38255022","12:10:03","12:11:58","Small Soft Drink","Beverage"
"1500","38255891","12:28:08","12:30:21","Small Soft Drink","Beverage"
"1501","38255891","12:28:08","12:30:21","Small Soft Drink","Beverage"
"1502","38256157","12:32:18","12:34:40","Small Soft Drink","Beverage"
"1503","38256207","12:33:21","12:35:07","Small Soft Drink","Beverage"
"1504","38256552","12:48:42","12:52:05","Small Soft Drink","Beverage"
"1505","38256860","12:45:09","12:48:12","Small Soft Drink","Beverage"
"1506","38257122","12:52:09","12:54:39","Small Soft Drink","Beverage"
"1507","38257312","12:54:15","12:58:22","Small Soft Drink","Beverage"
"1508","38257414","12:56:01","13:01:45","Small Soft Drink","Beverage"
"1509","38257798","13:02:05","13:04:53","Small Soft Drink","Beverage"
"1510","38259096","13:20:47","13:22:42","Small Soft Drink","Beverage"
"1511","38259105","13:21:05","13:23:35","Small Soft Drink","Beverage"
"1512","38259207","13:22:18","13:23:41","Small Soft Drink","Beverage"
"1513","38259286","13:24:40","13:28:42","Small Soft Drink","Beverage"
"1514","38259286","13:24:40","13:28:42","Small Soft Drink","Beverage"
"1515","38259697","13:28:53","13:33:03","Small Soft Drink","Beverage"
"1516","38260549","13:42:11","13:46:17","Small Soft Drink","Beverage"
"1517","38262185","14:02:10","14:03:41","Small Soft Drink","Beverage"
"1518","38262476","14:05:32","14:06:28","Small Soft Drink","Beverage"
"1519","38264448","14:25:55","14:35:21","Small Soft Drink","Beverage"
"1520","38265038","14:31:53","14:34:15","Small Soft Drink","Beverage"
"1521","38266623","14:54:44","14:57:14","Small Soft Drink","Beverage"
"1522","38267551","15:01:40","15:04:51","Small Soft Drink","Beverage"
"1523","38267880","15:07:03","15:10:29","Small Soft Drink","Beverage"
"1524","38268846","15:15:11","15:17:15","Small Soft Drink","Beverage"
"1525","38269720","15:23:18","15:29:01","Small Soft Drink","Beverage"
"1526","38270247","15:26:12","15:32:49","Small Soft Drink","Beverage"
"1527","38272527","15:48:57","15:51:21","Small Soft Drink","Beverage"
"1528","38272527","15:48:57","15:51:21","Small Soft Drink","Beverage"
"1529","38274157","16:05:44","16:13:00","Small Soft Drink","Beverage"
"1530","38274540","16:08:35","16:11:10","Small Soft Drink","Beverage"
"1531","38275278","16:17:37","16:28:15","Small Soft Drink","Beverage"
"1532","38275278","16:17:37","16:28:15","Small Soft Drink","Beverage"
"1533","38275278","16:17:37","16:28:15","Small Soft Drink","Beverage"
"1534","38275877","16:24:00","16:32:23","Small Soft Drink","Beverage"
"1535","38278603","16:54:40","16:57:51","Small Soft Drink","Beverage"
"1536","38282021","17:31:08","17:41:53","Small Soft Drink","Beverage"
"1537","38282152","17:32:55","17:40:23","Small Soft Drink","Beverage"
"1538","38282152","17:32:55","17:40:23","Small Soft Drink","Beverage"
"1539","38282152","17:32:55","17:40:23","Small Soft Drink","Beverage"
"1540","38282152","17:32:55","17:40:23","Small Soft Drink","Beverage"
"1541","38283417","17:45:59","17:47:43","Small Soft Drink","Beverage"
"1542","38284690","18:00:48","18:03:42","Small Soft Drink","Beverage"
"1543","38285675","18:10:30","18:21:13","Small Soft Drink","Beverage"
"1544","38285675","18:10:30","18:21:13","Small Soft Drink","Beverage"
"1545","38288299","18:36:48","18:43:20","Small Soft Drink","Beverage"
"1546","38288299","18:36:48","18:43:20","Small Soft Drink","Beverage"
"1547","38288951","18:42:57","18:48:38","Small Soft Drink","Beverage"
"1548","38289813","18:50:30","18:51:59","Small Soft Drink","Beverage"
"1549","38290342","18:57:30","19:02:29","Small Soft Drink","Beverage"
"1550","38293204","19:23:28","19:25:15","Small Soft Drink","Beverage"
"1551","38293587","19:26:51","19:33:42","Small Soft Drink","Beverage"
"1552","38294050","19:31:17","19:35:44","Small Soft Drink","Beverage"
"1553","38295679","19:47:43","19:50:00","Small Soft Drink","Beverage"
"1554","38295679","19:47:43","19:50:00","Small Soft Drink","Beverage"
"1555","38297575","19:47:43","19:50:00","Small Soft Drink","Beverage"
"1556","38299515","20:22:00","20:27:34","Small Soft Drink","Beverage"
"1557","38300287","20:29:31","20:33:25","Small Soft Drink","Beverage"
"1558","38301334","20:39:33","20:42:19","Small Soft Drink","Beverage"
"1559","38301334","20:39:33","20:42:19","Small Soft Drink","Beverage"
"1560","38302766","20:51:52","20:53:28","Small Soft Drink","Beverage"
"1561","38303796","21:01:39","21:09:12","Small Soft Drink","Beverage"
"1562","38303858","21:02:22","21:08:56","Small Soft Drink","Beverage"
"1563","38305337","21:17:09","21:20:50","Small Soft Drink","Beverage"
"1564","38305712","21:20:05","21:22:59","Small Soft Drink","Beverage"
"1565","38305712","21:20:05","21:22:59","Small Soft Drink","Beverage"
"1566","38306215","21:24:33","21:26:15","Small Soft Drink","Beverage"
"1567","38310149","22:02:39","22:04:46","Small Soft Drink","Beverage"
"1568","38257223","12:52:27","12:54:57","Strawberry Shake LG","Shake"
"1569","38270367","15:28:34","15:36:56","Strawberry Shake LG","Shake"
"1570","38291896","19:11:51","19:14:04","Strawberry Shake LG","Shake"
"1571","38310585","22:07:03","22:12:20","Strawberry Shake LG","Shake"
"1572","38257312","12:54:15","12:58:22","Strawberry Shake SM","Shake"
"1573","38257737","13:01:36","13:10:51","Strawberry Shake SM","Shake"
"1574","38275635","16:19:41","16:28:23","Strawberry Shake SM","Shake"
"1575","38283563","17:48:49","17:50:59","Strawberry Shake SM","Shake"
"1576","38289451","18:47:46","18:50:30","Strawberry Shake SM","Shake"
"1577","38290056","18:54:48","19:01:38","Strawberry Shake SM","Shake"
"1578","38295985","19:50:29","19:53:00","Strawberry Shake SM","Shake"
"1579","38295985","19:50:29","19:53:00","Strawberry Shake SM","Shake"
"1580","38297575","20:05:03","20:08:29","Strawberry Shake SM","Shake"
"1581","38254090","11:44:30","11:49:25","Vanilla Shake LG","Shake"
"1582","38280070","17:08:50","17:13:17","Vanilla Shake LG","Shake"
"1583","38283563","17:48:49","17:50:59","Vanilla Shake LG","Shake"
"1584","38310698","22:08:10","22:11:50","Vanilla Shake LG","Shake"
"1585","38253599","11:25:47","11:28:00","Vanilla Shake SM","Shake"
"1586","38257579","12:57:32","13:01:32","Vanilla Shake SM","Shake"
"1587","38259096","13:20:47","13:22:42","Vanilla Shake SM","Shake"
"1588","38264914","14:31:03","14:32:54","Vanilla Shake SM","Shake"
"1589","38268928","15:14:21","15:21:49","Vanilla Shake SM","Shake"
"1590","38269701","15:20:34","15:28:09","Vanilla Shake SM","Shake"
"1591","38275361","16:16:41","16:22:27","Vanilla Shake SM","Shake"
"1592","38285341","18:05:30","18:07:19","Vanilla Shake SM","Shake"
"1593","38294540","19:36:45","19:38:21","Vanilla Shake SM","Shake"
"1594","38301516","20:40:38","20:42:56","Vanilla Shake SM","Shake"
"1595","38301968","20:43:27","20:48:09","Vanilla Shake SM","Shake"
"1596","38312144","22:24:51","22:43:15","Vanilla Shake SM","Shake"
"1597","38252964","10:40:25","10:45:43","Water Cup","Beverage"
"1598","38260872","13:45:17","13:48:59","Water Cup","Beverage"
"1599","38261016","13:46:18","13:49:00","Water Cup","Beverage"
"1600","38263784","14:22:16","14:26:42","Water Cup","Beverage"
"1601","38263784","14:22:16","14:26:42","Water Cup","Beverage"
"1602","38266182","14:46:38","14:50:41","Water Cup","Beverage"
"1603","38266182","14:46:38","14:50:41","Water Cup","Beverage"
"1604","38270623","15:33:48","15:37:20","Water Cup","Beverage"
"1605","38273410","15:57:31","15:58:50","Water Cup","Beverage"
